seq.name,enzyme,spp,pident,length,mismatch,gapopen,qstart,qend,sstart,send,evalue,bitscore,seq.text
Senp1-204|Adig_Acropora_digitifera_12931,Senp1-204,Adig,48.899,227,114,1,440,666,1375,2049,2.79e-78,262,DSFVALSSDMEQMVDAALSPGNPDDPVVEGFQVTLKRSDLATLSTLNWLNDEIMNFYFQLLVERSRREGNLKIHAFNSFFYPKLIKSGYTSLRRWTKKIDIFAMDMVLVPVHLGMHWCLAAIDFNKRCITYYDSLKGSNAQCLTALRAYLNDESLDKKKKPFDLSEWKLAAPK--DIPEQLNGCDCGVFACKYAEYLSRGAKFDFDQRDIPYFRRRMVYEILSKNLL
Senp2-201|Adig_Acropora_digitifera_12931,Senp2-201,Adig,42.982,228,128,1,361,588,1372,2049,4.5599999999999996e-66,227,ADSFVALSSDMEQMVDAALSPGNPDDPVVEGFQVTLKRSDLATLSTLNWLNDEIMNFYFQLLVERSRREGNLKIHAFNSFFYPKLIKSGYTSLRRWTKKIDIFAMDMVLVPVHLGMHWCLAAIDFNKRCITYYDSLKGSNAQCLTALRAYLNDESLDKKKKPFDLSEWKLAA--PKDIPEQLNGCDCGVFACKYAEYLSRGAKFDFDQRDIPYFRRRMVYEILSKNLL
Senp3-201|Adig_Acropora_digitifera_12931,Senp3-201,Adig,38.164,207,118,3,365,566,1441,2046,7.689999999999999e-42,159,PDDPVVEGFQVTLKRS-----DLATLSTLNWLNDEIMNFYFQLLVERSRREGNLKIHAFNSFFYPKLIKSGYTSLRRWTKKIDIFAMDMVLVPVHLGMHWCLAAIDFNKRCITYYDSLKGSNAQCLTALRAYLNDESLDKKKKPFDLSEWKLAAPKDIPEQLNGCDCGVFACKYAEYLSRGAKFDFDQRDIPYFRRRMVYEILSKNL
Senp5-201|Adig_Acropora_digitifera_12931,Senp5-201,Adig,39.267,191,111,2,563,748,1477,2049,1.03e-39,155,LKRSDLATLSTLNWLNDEIMNFYFQLLVERSRREGNLKIHAFNSFFYPKLIKSGYTSLRRWTKKIDIFAMDMVLVPVHLGMHWCLAAIDFNKRCITYYDSLKGSNAQCLTALRAYLNDESLDKKKKPFDLSEWKLAAPKDIPEQLNGCDCGVFACKYAEYLSRGAKFDFDQRDIPYFRRRMVYEILSKNLL
Senp6-203|Adig_Acropora_digitifera_11783,Senp6-203,Adig,60.432,139,53,1,670,808,2050,2460,3.29e-40,160,SHRQPVQAVEKLIVYPLPPQPGGITVTSEDIPCLAEGEFLNDVIIDFYLKFVFFEKLKPEDRERTHILSSFFYKRLTQ--KNNDSDNHASLPERMHSQVKTWTKSVDIFNKDFVFVPINENSHWYLAVICFAGHTKATY
Senp7-203|Adig_Acropora_digitifera_11783,Senp7-203,Adig,47.5,320,147,6,732,1034,2074,3021,1.79e-73,262,VEKLIVYPLPPQPGGITVTSEDIPCLAEGEFLNDVIIDFYLKFVFFEKLKPEDRERTHILSSFFYKRLTQKNND--SDN-HASLPERMHSQVKTWTKSVDIFNKDFVFVPINENSHWYLAVICFAGHTKATYMGEIADDDETNAKDEDPDTDQGTEKESENDEDGSEGEGTDVDLPSLAKIQTAYSKRGNRKKSLSTMVMKSQPCILVFDSLGGVR-QRCMFNLRNYLQIEWKVRKKDSKPREFSKESIKGNHPKVPQQDNFCDCGVYVLQYMESFFKDPITDFSLPIKKTQWFQREEIATKRNDIRELIYNLKAAASSG
Sumo1-201|Adig_Acropora_digitifera_11897,Sumo1-201,Adig,38.095,84,51,1,8,90,877,1128,3.49e-10,54.3,PMMTDDIDVENTNKISVKVQGNNAESKKTFQVLKTEPLDKLMTAYCKFRKLPHSRLKFLFDGDEIRGTETPIDLEMEDDDVIDV
Sumo2-207|Adig_Acropora_digitifera_11897,Sumo2-207,Adig,42.5,80,45,1,8,86,889,1128,9.58e-15,66.6,DDIDVENTNKISVKVQGNNAESKKTFQVLKTEPLDKLMTAYCKFRKLPHSRLKFLFDGDEIRGTETPIDLEMEDDDVIDV
Sumo3-204|Adig_Acropora_digitifera_11897,Sumo3-204,Adig,42.5,80,44,2,11,88,889,1128,4.2e-13,62.8,DDIDVENTNKISVKVQGNNAESKKTFQVLKTEPLDKLMTAYCKFRKLPHSRLKFLFDGDEIRGTETPIDLEMEDDDVIDV
Senp1-204|Ahya_Acropora_hyacinthus_7708,Senp1-204,Ahya,32,100,51,3,472,554,109,408,1.68e-9,54.3,ITVTSEDIPCLAEGEFLNDVIIDFYLKFVFFEKLKPEDRERTHILSSFFYKRLTQKNNDSDNHASLSERMHSQVKPWTKSVDIFNKDFVFVPINEIHIGI
Senp2-201|Ahya_Acropora_hyacinthus_7708,Senp2-201,Ahya,30.851,94,51,2,394,473,109,390,1.22e-8,51.6,ITVTSEDIPCLAEGEFLNDVIIDFYLKFVFFEKLKPEDRERTHILSSFFYKRLTQKNNDSDNHASLSERMHSQVKPWTKSVDIFNKDFVFVPIN
Senp3-201|Ahya_Acropora_hyacinthus_7708,Senp3-201,Ahya,33.333,99,47,4,382,462,115,408,4.72e-9,52.8,VTSEDIPCLAEGEFLNDVIIDFYLKFVFFEKLKPEDRERTHILSSFFYKRLTQKNNDSDNHASLSERMHSQVKPWTKSVDIFNKDFVFVPIN-EIHIGI
Senp5-201|Ahya_Acropora_hyacinthus_7708,Senp5-201,Ahya,28.125,96,50,4,566,643,124,408,6.92e-6,43.9,EDIPCLAEGEFLNDVIIDFYLKFVFFEKLKPEDRERTHILSSFFYKRLTQKNNDSDNHASLSERMHSQVKPWTKSVDIFNKDFVFVPIN-EIHIGI
Senp6-203|Ahya_Acropora_hyacinthus_7708,Senp6-203,Ahya,59.836,122,47,1,668,789,34,393,4.66e-36,130,ASSHRQPVQTVEKLIVYPLPPQPGGITVTSEDIPCLAEGEFLNDVIIDFYLKFVFFEKLKPEDRERTHILSSFFYKRLTQKN--NDSDNHASLSERMHSQVKPWTKSVDIFNKDFVFVPINE
Senp7-203|Ahya_Acropora_hyacinthus_7708,Senp7-203,Ahya,59.292,113,43,2,732,844,64,393,1.53e-33,123,VEKLIVYPLPPQPGGITVTSEDIPCLAEGEFLNDVIIDFYLKFVFFEKLKPEDRERTHILSSFFYKRLTQKNND--SDN-HASLSERMHSQVKPWTKSVDIFNKDFVFVPINE
Senp1-204|Amil_Acropora_millepora_9103,Senp1-204,Amil,48.899,227,114,1,440,666,1366,2040,6.63e-78,261,DSFVALSSDMEQMVDAALSPGNPDDPVVEGFQVTLKRSDLATLSTLNWLNDEIMNFYFHLLVERSRREGNLKIHAFNSFFYPKLIKSGYTSLRRWTKKIDIFAMDMVLVPVHLGMHWCLAAIDFNKRCITYYDSLKGSNPQCLTALRAYLNDESLDKKKKPFDLSEWKLAAPK--DIPEQLNGCDCGVFACKYAEYLSRGAKFDFDQRDIPYFRRRMVYEILSKNLL
Senp2-201|Amil_Acropora_millepora_9103,Senp2-201,Amil,42.982,228,128,1,361,588,1363,2040,1.35e-65,226,ADSFVALSSDMEQMVDAALSPGNPDDPVVEGFQVTLKRSDLATLSTLNWLNDEIMNFYFHLLVERSRREGNLKIHAFNSFFYPKLIKSGYTSLRRWTKKIDIFAMDMVLVPVHLGMHWCLAAIDFNKRCITYYDSLKGSNPQCLTALRAYLNDESLDKKKKPFDLSEWKLAA--PKDIPEQLNGCDCGVFACKYAEYLSRGAKFDFDQRDIPYFRRRMVYEILSKNLL
Senp3-201|Amil_Acropora_millepora_9103,Senp3-201,Amil,38.164,207,118,3,365,566,1432,2037,2.36e-41,158,PDDPVVEGFQVTLKRS-----DLATLSTLNWLNDEIMNFYFHLLVERSRREGNLKIHAFNSFFYPKLIKSGYTSLRRWTKKIDIFAMDMVLVPVHLGMHWCLAAIDFNKRCITYYDSLKGSNPQCLTALRAYLNDESLDKKKKPFDLSEWKLAAPKDIPEQLNGCDCGVFACKYAEYLSRGAKFDFDQRDIPYFRRRMVYEILSKNL
Senp5-201|Amil_Acropora_millepora_9103,Senp5-201,Amil,39.267,191,111,2,563,748,1468,2040,3.86e-39,154,LKRSDLATLSTLNWLNDEIMNFYFHLLVERSRREGNLKIHAFNSFFYPKLIKSGYTSLRRWTKKIDIFAMDMVLVPVHLGMHWCLAAIDFNKRCITYYDSLKGSNPQCLTALRAYLNDESLDKKKKPFDLSEWKLAAPKDIPEQLNGCDCGVFACKYAEYLSRGAKFDFDQRDIPYFRRRMVYEILSKNLL
Senp6-203|Amil_Acropora_millepora_5242,Senp6-203,Amil,60.145,138,53,1,668,805,2044,2451,1.95e-39,158,ASSHRQPVQTVEKLIVYPLPPQPGGITVTSEDIPCLAEGEFLNDVIIDFYLKFVFFEKLKPEDRERTHILSSFFYKRLTQ--KNNDSDNHASLPERMHSQVKTWTKSVDIFNKDFVFVPINENSHWYLAVICFAGHTK
Senp7-203|Amil_Acropora_millepora_5242,Senp7-203,Amil,62.903,124,43,2,732,855,2074,2436,2.46e-37,151,VEKLIVYPLPPQPGGITVTSEDIPCLAEGEFLNDVIIDFYLKFVFFEKLKPEDRERTHILSSFFYKRLTQKNND--SDN-HASLPERMHSQVKTWTKSVDIFNKDFVFVPINENSHWYLAVICF
Senp8-206|Amil_Acropora_millepora_29156,Senp8-206,Amil,48.571,210,104,3,17,225,19,639,2.71e-65,201,IVLSFYDSLLRKSDLSLLREGCWLNDRLIGFMFDYFTHNKFKLISDNVLLISPDVTQFLK-LGQGLEIGIFVEPLDLPSRKLVFFAVNDSDSTHSAGGSHWSLLVYERQRNIFHHYDSFSSHNSPAARSLAKKMEPFLAAKSSH--FVEERCPQQENGYDCGVYLICFAEELCQNFFDNAEKCVGESILARDVRQKRTMIKSLILELGRK
Sumo1-201|Amil_Acropora_millepora_17859,Sumo1-201,Amil,38.095,84,51,1,8,90,847,1098,6.04e-10,54.3,PMMTDDIDVENTNKISVKVQGNNAESKKTFQVLKTEPLDKLMTAYCKFRKLPHSRLKFLFDGDEIRGTETPIDLEMEDDDVIDV
Sumo2-207|Amil_Acropora_millepora_17859,Sumo2-207,Amil,42.5,80,45,1,8,86,859,1098,1.51e-14,67,DDIDVENTNKISVKVQGNNAESKKTFQVLKTEPLDKLMTAYCKFRKLPHSRLKFLFDGDEIRGTETPIDLEMEDDDVIDV
Sumo3-204|Amil_Acropora_millepora_17859,Sumo3-204,Amil,42.5,80,44,2,11,88,859,1098,7.26e-13,62.8,DDIDVENTNKISVKVQGNNAESKKTFQVLKTEPLDKLMTAYCKFRKLPHSRLKFLFDGDEIRGTETPIDLEMEDDDVIDV
Senp1-204|Apal_XM_021061604.1,Senp1-204,Apal,53.158,190,87,1,442,631,1244,1807,1.89e-68,236,FPTLTDEIEREIDCALGPGNPSETLADGGKVSVTRGDMVTLSNLNWLNDEVINFYISLITERSKSPGYPKVHSFNSFFYPKLIKTGYDSLKRWTRRVDVFQFDIIIVPIHLGMHWCLAAIDFRNKTIKYYDSLKGPNPQCLEALKKYLSQESMDKKKTPYDTSDWTLSCPK--DIPEQLNGCDCGVFACK
Senp2-201|Apal_XM_021061604.1,Senp2-201,Apal,47.668,193,98,2,367,558,1253,1825,1.5599999999999998e-56,201,LTDEIEREIDCALGPGNPSETLADGGKVSVTRGDMVTLSNLNWLNDEVINFYISLITERSKSPGYPKVHSFNSFFYPKLIKTGYDSLKRWTRRVDVFQFDIIIVPIHLGMHWCLAAIDFRNKTIKYYDSLKGPNPQCLEALKKYLSQESMDKKKTPYDTSDWTLSC--PKDIPEQLNGCDCGVFACKVYSMYL
Senp3-201|Apal_XM_021061604.1,Senp3-201,Apal,37.705,183,103,4,365,541,1304,1837,6.049999999999999e-32,131,PSETLADGGKVS-----VTRGDMVTLSNLNWLNDEVINFYISLITERSKSPGYPKVHSFNSFFYPKLIKTGYDSLKRWTRRVDVFQFDIIIVPIHLGMHWCLAAIDFRNKTIKYYDSLKGPNPQCLEALKKYLSQESMDKKKTPYDTSDWTLSCPKDIPEQLNGCDCGVFACKVYSMYLICSN
Senp5-201|Apal_XM_021061604.1,Senp5-201,Apal,40.252,159,87,3,567,720,1352,1819,1.76e-30,128,DMVTLSNLNWLNDEVINFYISLITERSKSPGYPKVHSFNSFFYPKLIKTGYDSLKRWTRRVDVFQFDIIIVPIHLGMHWCLAAIDFRNKTIKYYDSLKGPNPQCLEALKKYLSQESMDKKKTPYDTSDWTLSCPKDIPEQLNGCDCGVFA---CKVYSM
Senp6-203|Apal_XM_021054939.2,Senp6-203,Apal,42.991,214,113,4,680,890,2046,2669,7.63e-38,155,KMIIYPPPPQHGSITVTTADLECLAQGEFLNDVIIDFYLKYIYHDILTEKXRERTHIFSSYFYKRLTQKSTNDTEGGLLSSVDRMRKMHDRVKKWTRNVDLFAKDFIVVPINESSHWFLAIICFPHLDXPIEEEEILSESNDADEVDVEDTDDS-DFVSTTSTSKKNSANLPVLKS----NPCILIFDSLGGSGRARVTLNLRGY-LTCEWKNK
Senp7-203|Apal_XM_021054939.2,Senp7-203,Apal,46.309,298,144,5,734,1027,2046,2903,1.73e-64,239,KMIIYPPPPQHGSITVTTADLECLAQGEFLNDVIIDFYLKYIYHDILTEKXRERTHIFSSYFYKRLTQKSTNDTEGGLLSSVDRMRKMHDRVKKWTRNVDLFAKDFIVVPINESSHWFLAIICFPHL------DXP---IEEEEILSESNDADEVDVEDTDDSDFVSTTSTSKKNSANLPVLK---SNPCILIFDSLGGSGRARVTLNLRGYLTCEWKNKRPNKPEKEFSKXSIKGTFPKVPHQDNHCDCGVFVLEYVESFFKDPIKNYRAPIDKSKWFTQQKVYSKRQEIKNLIYKL
Senp8-206|Apal_XM_021049400.2,Senp8-206,Apal,46.602,103,48,3,15,116,71,361,2.18e-22,91.3,DKVVLSFHNSLLRESDIQLLNEGHWLNDNILXFMMEYFEQNEFTD--SRIAFVSXSVCQLVKLCGDPC----FLESLCLDQKELIFLVINDNDSRTLAGGSHW
Sumo2-207|Apal_XM_021057505.2,Sumo2-207,Apal,35.526,76,48,1,12,86,901,1128,4.11e-9,52.4,VEEENLIEIKVQGNDAASRKTFHVSKTKPLESLFAEYAEFRKIKRSSLKFLFDDDPLEGTETPEDLDMEDENLIDV
Sumo3-204|Apal_XM_021057505.2,Sumo3-204,Apal,36.364,77,48,1,13,88,898,1128,2.55e-9,53.9,VVEEENLIEIKVQGNDAASRKTFHVSKTKPLESLFAEYAEFRKIKRSSLKFLFDDDPLEGTETPEDLDMEDENLIDV
Senp1-204|Apoc_chromosome_9.985_1,Senp1-204,Apoc,53.304,227,104,1,440,666,1405,2079,3.36e-83,277,DAFVPLTSEMERMVDAALAPGYADDPLVEGFRVTLKRSDLATLSNLNWLNDEIINFFFNLLVERSNQQGKVKVHAFNSFFYPKLIKSGYASLKRWTKKVDIFAMDLVLVPVHLGMHWCLAAIDLNKKCISYYDSLKGSNPQCLSALRDYLNSESLDKKKAPFDMTGWKTASPK--DIPEQLNGCDCGVFACKYAEYLSRKASFNFDQRHMPYFRRRMVYEILTKKLL
Senp2-201|Apoc_chromosome_9.985_1,Senp2-201,Apoc,46.491,228,120,1,361,588,1402,2079,4.63e-68,234,TDAFVPLTSEMERMVDAALAPGYADDPLVEGFRVTLKRSDLATLSNLNWLNDEIINFFFNLLVERSNQQGKVKVHAFNSFFYPKLIKSGYASLKRWTKKVDIFAMDLVLVPVHLGMHWCLAAIDLNKKCISYYDSLKGSNPQCLSALRDYLNSESLDKKKAPFDMTGWKTAS--PKDIPEQLNGCDCGVFACKYAEYLSRKASFNFDQRHMPYFRRRMVYEILTKKLL
Senp3-201|Apoc_chromosome_9.985_1,Senp3-201,Apoc,40,210,113,4,365,566,1462,2076,5.22e-44,167,PGYADDPLVEGFRVTLKRS-----DLATLSNLNWLNDEIINFFFNLLVERSNQQGKVKVHAFNSFFYPKLIKSGYASLKRWTKKVDIFAMDLVLVPVHLGMHWCLAAIDLNKKCISYYDSLKGSNPQCLSALRDYLNSESLDKKKAPFDMTGWKTASPKDIPEQLNGCDCGVFACKYAEYLSRKASFNFDQRHMPYFRRRMVYEILTKKL
Senp5-201|Apoc_chromosome_9.985_1,Senp5-201,Apoc,42.408,191,105,2,563,748,1507,2079,4.18e-42,164,LKRSDLATLSNLNWLNDEIINFFFNLLVERSNQQGKVKVHAFNSFFYPKLIKSGYASLKRWTKKVDIFAMDLVLVPVHLGMHWCLAAIDLNKKCISYYDSLKGSNPQCLSALRDYLNSESLDKKKAPFDMTGWKTASPKDIPEQLNGCDCGVFACKYAEYLSRKASFNFDQRHMPYFRRRMVYEILTKKLL
Senp6-203|Apoc_chromosome_10.2906_1,Senp6-203,Apoc,63.846,130,46,1,679,808,2080,2466,2.75e-40,162,QKLIVYPPPPQPGGITVTTEDIGCLDSGEFLNDVIIDFYLKYVFFEKLKPEDRARTHILSSFFYKRLTQRKNNNNDTFT-STPDRMHSQVRTWTKNVDIFEKDFVIVPINESSHWYLAVICFAGHENPTY
Senp7-203|Apoc_chromosome_10.2906_1,Senp7-203,Apoc,44.937,316,157,6,733,1036,2080,3012,2.75e-62,230,QKLIVYPPPPQPGGITVTTEDIGCLDSGEFLNDVIIDFYLKYVFFEKLKPEDRARTHILSSFFYKRLTQRKNN--NNDTFTSTPDRMHSQVRTWTKNVDIFEKDFVIVPINESSHWYLAVICFAGHENPTYVNEINDDDETDNKNEATDTETGTEEEPEHGDDDDDDFEFSPLAALRKKPTTRNSRKSLSKQIVKSQPCILVFDSL-GGSRARCMLNLRNYLKCEWRERKKEPATRIFDKDTIKGSHPKVPQQDNFCDCGVYVLQYMESFFEDPITDFSLPIKKPNWFSS--VAQKRTEIRDLIYTLKANADVDGN
Senp8-206|Apoc_chromosome_2.343_1,Senp8-206,Apoc,49.528,212,104,3,15,225,7,636,2.35e-68,209,DEVVLSFHDSLLRKSDLSLLEEGRWLNDRLIGFVFDYFTHNQFKQISDDVVFISPDVTQFVKL-GQGIEIGIFLEPLNLPSQKLVFFAVNDNESKLSAGGSHWSLLMYNRQTNSFHHYDSSSSYNTSAARSLAKNVEPFLTAK-ENPSFVEDRCPQQQNSYDCGIYVICITEELCKNFLGKAETSMSDTVTVEDVRRKRKALKELILDLGQK
Sumo1-201|Apoc_chromosome_9.193_1,Sumo1-201,Apoc,64.583,96,34,0,3,98,37,324,1.6299999999999999e-34,114,ERKVKMSEENKEVKPESEHINLKVMGQDNTEVHFKIKKTTQLKKLKQAYCDRQGVPLNSLRFLFDGQRINDDQTPKDLEMEDDDVIEVYQEQTGGR
Sumo2-207|Apoc_chromosome_9.193_1,Sumo2-207,Apoc,59.494,79,32,0,15,93,85,321,2.78e-25,91.3,SEHINLKVMGQDNTEVHFKIKKTTQLKKLKQAYCDRQGVPLNSLRFLFDGQRINDDQTPKDLEMEDDDVIEVYQEQTGG
Sumo3-204|Apoc_chromosome_9.193_1,Sumo3-204,Apoc,56.842,95,36,1,1,95,52,321,1e-27,98.2,MSEENKEVKPE-----SEHINLKVMGQDNTEVHFKIKKTTQLKKLKQAYCDRQGVPLNSLRFLFDGQRINDDQTPKDLEMEDDDVIEVYQEQTGG
Senp1-204|Aque_XM_020001636.1,Senp1-204,Aque,48.78,205,103,1,462,666,1326,1934,5.93e-65,226,RDQVLSKGYNIEIKRMDLLTLRGLEWLNDEVINFYLNLVAESANSEGEKRVHLFNSFFYPKIMSAGYSGVRRWTKKVDIFNFDLILLPIHLGMHWCLAAIDFNNKTINYYDSLKGNNTRCLNTLKDYLVSEAKDKKQLVYDVSDWTL--ECIEDIPEQHNGSDCGVFTCMYARHLARGKPFNFSQDDMPDIRQLMVAEIVNKKLL
Senp2-201|Aque_XM_020001636.1,Senp2-201,Aque,43.627,204,113,1,385,588,1329,1934,5.149999999999999e-55,197,DQVLSKGYNIEIKRMDLLTLRGLEWLNDEVINFYLNLVAESANSEGEKRVHLFNSFFYPKIMSAGYSGVRRWTKKVDIFNFDLILLPIHLGMHWCLAAIDFNNKTINYYDSLKGNNTRCLNTLKDYLVSEAKDKKQLVYDVSDWTLECIE--DIPEQHNGSDCGVFTCMYARHLARGKPFNFSQDDMPDIRQLMVAEIVNKKLL
Senp3-201|Aque_XM_020001636.1,Senp3-201,Aque,42.157,204,108,3,368,566,1335,1931,7.33e-47,174,VLSKGYNIEIKRM-----DLLTLRGLEWLNDEVINFYLNLVAESANSEGEKRVHLFNSFFYPKIMSAGYSGVRRWTKKVDIFNFDLILLPIHLGMHWCLAAIDFNNKTINYYDSLKGNNTRCLNTLKDYLVSEAKDKKQLVYDVSDWTLECIEDIPEQHNGSDCGVFTCMYARHLARGKPFNFSQDDMPDIRQLMVAEIVNKKL
Senp5-201|Aque_XM_020001636.1,Senp5-201,Aque,41.327,196,109,3,558,748,1350,1934,1.19e-43,167,YNIEIKRMD-LLTLRGLEWLNDEVINFYLNLVAESANSEGEKRVHLFNSFFYPKIMSAGYSGVRRWTKKVDIFNFDLILLPIHLGMHWCLAAIDFNNKTINYYDSLKGNNTRCLNTLKDYLVSEAKDKKQLVYDVSDWTLECIEDIPEQHNGSDCGVFTCMYARHLARGKPFNFSQDDMPDIRQLMVAEIVNKKLL
Senp6-203|Aque_XM_019998752.1,Senp6-203,Aque,42.149,121,66,3,681,801,1509,1859,4.09e-19,94,VLTYKPKQSNTVLSITGLDMQCLQIGEYLNDKIINFYLMYLWDTLEEK--ANQVHIFNSFFFSRLTDG-TKDPSKSSKT-PERIHFRVKSWTKHINIFEKKFIVVPVCYRSHWFLAIIVSP
Senp7-203|Aque_XM_019998752.1,Senp7-203,Aque,34.459,296,128,9,735,1027,1509,2207,1.3899999999999998e-23,108,VLTYKPKQSNTVLSITGLDMQCLQIGEYLNDKIINFYLMYLWDTLEEKAN-----QVHIFNSFFFSRLTDGTKDPSKSS---KTPERIHFRVKSWTKHINIFEKKFIVVPVCYRSHWFLAIIVSP-------------------------DSFMKEED----------------TEL----------EPSIVVLDSMLVRR-RGVVSSLRCYLAQEYLGKYGEERDFSKLPVS--YPPAPGQTNTYDCGVYLLTYTESLFECIKSNKSLP-EGDEWALDEKILRKRLAIQELIQSL
Senp8-206|Aque_XM_003383935.3,Senp8-206,Aque,46.119,219,112,5,9,223,18,668,1.35e-51,168,PRPNKMDPDKIVLSYHDSLLRLSDVSLLDPPHWLNDRLIGFYFEYLERDHVKN-GERVCFITPDVTQFIKLYRG-SELKMFLEPLSLCEKELVILAVNDNSSSEHSGGSHWSTLVFDRESYLYFHYDSSSPSNHTPARQCASSLSPFLSRGEKEIPFLEEASPHQHNSHDCGVYALLFAKYSSLSKFKKIDPMSVTEYATLERVNRWRSDTKKLIFSLA
Sumo1-201|Aque_XM_003388015.3,Sumo1-201,Aque,58.228,79,33,0,19,97,140,376,1.62e-28,102,GEHINLKVTGQDSSVVHFKIKKNTQFKKLMTAYCDRQGYQRNSIRFIFDGTQIQEDQTPIDLDMEDEDTIEVFQAQTGG
Sumo2-207|Aque_XM_003388016.3,Sumo2-207,Aque,61.702,94,32,3,3,93,184,462,4.3499999999999997e-32,111,DVKP-EGAESGHQSNEHINLKVMGQAGGSVIHFKIKRNTPFKKLITAYCERQGLQKSTIRFMFDGTPMQEDQTPNDLDMEDDDTIEVFQAQTGG
Sumo3-204|Aque_XM_003388016.3,Sumo3-204,Aque,61,100,34,3,1,95,163,462,3.86e-34,117,MSQDLKPDVKPEGAESGHQSNEHINLKVMGQAGGSVIHFKIKRNTPFKKLITAYCERQGLQKSTIRFMFDGTPMQEDQTPNDLDMEDDDTIEVFQAQTGG
Senp1-204|Cgig_G31407.4,Senp1-204,Cgig,45.307,309,156,4,358,666,1273,2160,7.829999999999999e-87,288,YLSEDWIVDLERQF-SRANREAQRKIKEAEIKKKFHEEKHLRKDQSLESQVRQRLRL-YEAEPPVLEDQQV---------EEDKFPELTDKMLAVVNDALRPQPSEEVLVEGYKLQIRRRDMESLAGLNWLNDEIINFYMNQLVERGEQEGKPKVYAFNTFFYPKVMGQGHESVRRWTRRVDIFSKDYILIPVHLGMHWCLAVIDFKKKMIRYFDSMGGNNVGCLNALKDYLCAESLDKKKQKFDLSEWK--TEIAKDIPQQMNGSDCGMFACKFAEYITREADINFSQEHMPYFRKRMVYEIVTKQLL
Senp2-201|Cgig_G31407.4,Senp2-201,Cgig,45.306,245,131,2,345,588,1432,2160,1.31e-67,234,LRLYEAEPPVLEDQQVEEDKFPELTDKMLAVVNDALRPQPSEEVLVEGYKLQIRRRDMESLAGLNWLNDEIINFYMNQLVERGEQEGKPKVYAFNTFFYPKVMGQGHESVRRWTRRVDIFSKDYILIPVHLGMHWCLAVIDFKKKMIRYFDSMGGNNVGCLNALKDYLCAESLDKKKQKFDLSEWKTEIAK--DIPQQMNGSDCGMFACKFAEYITREADINFSQEHMPYFRKRMVYEIVTKQLL
Senp3-201|Cgig_G31407.4,Senp3-201,Cgig,31.818,264,158,8,311,566,1408,2157,1.11e-36,146,LESQVRQRLRLYEAEPPVLEDQQVE--EDKF------PELTDKMLAVVNDALRPQPSEEVLVEGYKLQIRRR-----DMESLAGLNWLNDEIINFYMNQLVERGEQEGKPKVYAFNTFFYPKVMGQGHESVRRWTRRVDIFSKDYILIPVHLGMHWCLAVIDFKKKMIRYFDSMGGNNVGCLNALKDYLCAESLDKKKQKFDLSE-WKTEIAKDIPQQMNGSDCGMFACKFAEYITREADINFSQEHMPYFRKRMVYEIVTKQL
Senp5-201|Cgig_G31407.4,Senp5-201,Cgig,37.968,187,111,2,567,748,1600,2160,7.3e-38,152,DMESLAGLNWLNDEIINFYMNQLVERGEQEGKPKVYAFNTFFYPKVMGQGHESVRRWTRRVDIFSKDYILIPVHLGMHWCLAVIDFKKKMIRYFDSMGGNNVGCLNALKDYLCAESLDKKKQKFDLSEWKTEIAKDIPQQMNGSDCGMFACKFAEYITREADINFSQEHMPYFRKRMVYEIVTKQLL
Senp6-203|Cgig_G18559.1,Senp6-203,Cgig,35.61,410,225,13,424,823,3193,4335,2.54e-51,200,TVLIRKSARRK-----SPTRPPSRGSTTNSAANNSSQSVASPEPVDVSSVNFIAKAIRIGSVPASPVEPVFLSEDSISFYVEC-ENSSERFIIKPDELQQCMFC-LENYPVIFLKTTPEFAERVRQLLKIEEKNENSWFDPND----AALRYQFITITMVQLGSLTYPK---LNSVLSKYPHPKGQAFPFIVKMTGEEA---LIYLKEILGEGEEKEGEGQADPAPTTQLQPQPQERS------------PSPPKILFTGPVVKLITFPPPPAPGGIQVTNEDLSCLEEGEFLNDVIIDFYLKYLFLDVLSDRDRERTHVFSSFFFKRLTQRHGQRGVEADMADKTPAEKKHARVKNWTKKVDLFEKDFIIVPINEHSHWFLAVICFPGLQSIKRIPYIPKASNLVTQLT
Senp7-203|Cgig_G18559.1,Senp7-203,Cgig,60.15,133,51,1,729,859,3880,4278,6.24e-40,162,TGPVVKLITFPPPPAPGGIQVTNEDLSCLEEGEFLNDVIIDFYLKYLFLDVLSDRDRERTHVFSSFFFKRLTQRHGQRGVEADMADKTPAEKKHARVKNWTKKVDLFEKDFIIVPINEHSHWFLAVICFPGLQ
Senp8-206|Cgig_G30529.1,Senp8-206,Cgig,43.062,209,117,2,17,224,22,645,1.9399999999999995e-55,177,VVLNFHDSLLYKADVCLLDDQRWLNDKLLGFCFEYFEREKFNHSADKLCLINPDVAQCIKILPS-EQLGEFLDPLNLPTKQYVFLPVNDSEQCEQTGGSHWSLLVYIRNRQEFRHYDSSRDSNKEIARKLAYKLQPFVHAPMGRMKFLEMEGPQQCNSYDCGVFVIATAEHLCKELCEGYSIPLIEIVTQKTVTEARRKIKDLIYQTAK
Sumo1-201|Cgig_G27008.5,Sumo1-201,Cgig,50,78,39,0,20,97,22,255,2.81e-23,86.7,EHINLKVTGQDGSVVHFKIKKNTPLRKLMSAYCDRAGLKLGVVRFRFDGNPINETDTPSGLDMEDGDSIDVFQQQTGG
Sumo2-207|Cgig_G27008.3,Sumo2-207,Cgig,68.085,94,29,1,1,94,1,279,4.1699999999999994e-43,136,MSEEK-KDEIKPESSEHINLKVTGQDGSVVHFKIKKNTPLRKLMSAYCDRAGLKLGVVRFRFDGNPINETDTPSGLDMEDGDSIDVFQQQTGGL
Sumo3-204|Cgig_G27008.3,Sumo3-204,Cgig,67.708,96,26,2,1,95,1,276,3.78e-41,132,MSEEKKDEIKPE----SSEHINLKVTGQDGSVVHFKIKKNTPLRKLMSAYCDRAGLKLGVVRFRFDGNPINETDTPSGLDMEDGDSIDVFQQQTGG
Senp1-204|Emue_Em0004g1422a.t1,Senp1-204,Emue,39.683,252,114,4,416,666,3355,3999,9.94e-50,188,LKRELILMTLQDT---------SVDEICKELTAAQQKTLAIVLRRGPLDECLVEGFGLRISRADLQTLTGLTWLNDEIVNFYYNLVAARSASDG--------------------------RIKVDIFAHDLVLLPIHLGAHWCCAAINFGKKQIQYYDSLRGSNAQCLNALRQYIVSESRDKKQQEYDLSGWTDYSPKN--IPHQTNSSDCGVFSCLYARYLSRDIRFDFSQADMPAIRQHMICEIVEMKLF
Senp2-201|Emue_Em0004g1422a.t1,Senp2-201,Emue,37.668,223,111,3,366,588,3415,3999,6.06e-41,160,ELTAAQQKTLAIVLRRGPLDECLVEGFGLRISRADLQTLTGLTWLNDEIVNFYYNLVAARSASDG-------------RIK-------------VDIFAHDLVLLPIHLGAHWCCAAINFGKKQIQYYDSLRGSNAQCLNALRQYIVSESRDKKQQEYDLSGWTDYS--PKNIPHQTNSSDCGVFSCLYARYLSRDIRFDFSQADMPAIRQHMICEIVEMKLF
Senp3-201|Emue_Em0004g1422a.t1,Senp3-201,Emue,30.87,230,126,6,339,566,3400,3996,9.480000000000001e-26,113,DEICKELTAAQQKTLAIVL----RRGPLDECLVEGFGLRISRA-----DLQTLTGLTWLNDEIVNFYYNLV-----------------AARSASDGRIK-----VDIFAHDLVLLPIHLGAHWCCAAINFGKKQIQYYDSLRGSNAQCLNALRQYIVSESRDKKQQEYDLSGWTDYSPKNIPHQTNSSDCGVFSCLYARYLSRDIRFDFSQADMPAIRQHMICEIVEMKL
Senp5-201|Emue_Em0004g1422a.t1,Senp5-201,Emue,33.88,183,98,2,567,748,3517,3999,9.57e-26,114,DLQTLTGLTWLNDEIVNFYYNLVAARSASDGRI----------------------KVDIFAHDLVLLPIHLGAHWCCAAINFGKKQIQYYDSLRGSNAQCLNALRQYIVSESRDKKQQEYDLSGWTDYSPKNIPHQTNSSDCGVFSCLYARYLSRDIRFDFSQADMPAIRQHMICEIVEMKLF
Senp6-203|Emue_Em0023g930a.t1,Senp6-203,Emue,31.788,302,172,10,531,810,1177,2046,3.98e-22,103,VMALTVVPGICQKLVSHLSVKLHLNGR-KFYNTGSA-----STIEKYIIIQLMAPLNERHVATLCDIIKQQNGSREVEINFNAPATSMHELLHDVIANQLEPMNSLEEKIVTSDVVTKRPELEKKKKDDTTSVSPHIVTRKTRSAQKQSSILDLSSMCQSVHEPLCADEHKMLLIYKPSGSKVHFEITGGDLNCLHPQEYLNDKIINFYLMYLLCDKFVNIK-ERIHIFSSFFLGKLME----SPKDRKLSFENI-HDRVKSWTRHVDIFSKEYIVMPVCLRSHWFVAIVCFPEKFDPINKP
Senp7-203|Emue_Em0020g13a.t1,Senp7-203,Emue,36.424,302,149,9,733,1032,469,1251,7.08e-40,154,KKLLMYRPSGSKLQFEITGGDLNCLHPHEYLNDKIINFYLTYLLCDKFVN-IKERVHIFSSFFLGKLMESPKDRKSNVHD---------GVKSWTRHVDIFSKEYIVMPVCLRSHWFIAIVCFP--EKFESDNAP--------------DKLEVDSE-----DVALSTQDLLTAN-----PTSSPTRPCIIVLDSLGIKRAAVLKSIQS---YLTEEWKVKRSTEKNFS--SMPQSYPSVPLQTNTFDCGIYVLQYVEGFLKSVTSSRSLPQSQEEWASDEDLSQKRQNIRSLIETLSASEQ
Sumo1-201|Emue_Em0022g439a.t1,Sumo1-201,Emue,55.696,79,35,0,20,98,52,288,4.9000000000000004e-29,100,EHINLKVTGSDGSVVHFKIKKNTPLRKLMQAYCDRQGYQMNTVRFLFDGNTVGPDATPLELEMEDDDTIEVFQAQTGGH
Sumo2-207|Emue_Em0022g439a.t1,Sumo2-207,Emue,63.75,80,29,0,14,93,46,285,3.98e-34,113,SSEHINLKVTGSDGSVVHFKIKKNTPLRKLMQAYCDRQGYQMNTVRFLFDGNTVGPDATPLELEMEDDDTIEVFQAQTGG
Sumo3-204|Emue_Em0022g439a.t1,Sumo3-204,Emue,59.14,93,37,1,3,95,10,285,1.6399999999999998e-35,117,DQKPDVKPDASGS-SEHINLKVTGSDGSVVHFKIKKNTPLRKLMQAYCDRQGYQMNTVRFLFDGNTVGPDATPLELEMEDDDTIEVFQAQTGG
Senp1-204|Gasp_gasp1.m3.15258.m1,Senp1-204,Gasp,51.982,227,107,1,440,666,1418,2092,5.93e-79,270,DSFVPLTNEMERMVDSALAPGYPEDPLVEGFRVTLKRSDLATLSNLNWLNDEVINFFFNLLVERSNQEGKVKVHAFNSFFYPKLVKSGYASLRRWTKKVDIFAMDLVLVPVHLGMHWCLAAIDFNKKCISYYDSLKGSNPQCLSALRDYLHSESQDKKKVPFDMTGWKTASPK--DIPEQLNGCDCGVFACKYAEYLSRRTKFDFDQRHMPYFRRRMVYEILTKKLL
Senp2-201|Gasp_gasp1.m3.15258.m1,Senp2-201,Gasp,45.614,228,122,1,361,588,1415,2092,2.9799999999999995e-66,233,TDSFVPLTNEMERMVDSALAPGYPEDPLVEGFRVTLKRSDLATLSNLNWLNDEVINFFFNLLVERSNQEGKVKVHAFNSFFYPKLVKSGYASLRRWTKKVDIFAMDLVLVPVHLGMHWCLAAIDFNKKCISYYDSLKGSNPQCLSALRDYLHSESQDKKKVPFDMTGWKTAS--PKDIPEQLNGCDCGVFACKYAEYLSRRTKFDFDQRHMPYFRRRMVYEILTKKLL
Senp3-201|Gasp_gasp1.m3.15258.m1,Senp3-201,Gasp,39.614,207,115,3,365,566,1484,2089,1.2999999999999998e-42,164,PEDPLVEGFRVTLKR-----SDLATLSNLNWLNDEVINFFFNLLVERSNQEGKVKVHAFNSFFYPKLVKSGYASLRRWTKKVDIFAMDLVLVPVHLGMHWCLAAIDFNKKCISYYDSLKGSNPQCLSALRDYLHSESQDKKKVPFDMTGWKTASPKDIPEQLNGCDCGVFACKYAEYLSRRTKFDFDQRHMPYFRRRMVYEILTKKL
Senp5-201|Gasp_gasp1.m3.15258.m1,Senp5-201,Gasp,42.408,191,105,2,563,748,1520,2092,6.43e-41,161,LKRSDLATLSNLNWLNDEVINFFFNLLVERSNQEGKVKVHAFNSFFYPKLVKSGYASLRRWTKKVDIFAMDLVLVPVHLGMHWCLAAIDFNKKCISYYDSLKGSNPQCLSALRDYLHSESQDKKKVPFDMTGWKTASPKDIPEQLNGCDCGVFACKYAEYLSRRTKFDFDQRHMPYFRRRMVYEILTKKLL
Senp6-203|Gasp_gasp1.m3.5819.m1,Senp6-203,Gasp,61.538,130,49,1,679,808,2210,2596,2.18e-39,159,KKLIVYPPPPQTGGITVTTEDIACLDSGEFLNDVIIDFYLKFVFFEKLKPEDRARTHILSSFFYKRLTQKTASNNDTFS-STPDRMHSQVRTWTKNVDIFEKDFVIVPINESSHWYLAVICFAGQEDPVF
Senp7-203|Gasp_gasp1.m3.5819.m1,Senp7-203,Gasp,56.716,134,50,2,733,863,2210,2596,7.519999999999999e-35,144,KKLIVYPPPPQTGGITVTTEDIACLDSGEFLNDVIIDFYLKFVFFEKLKPEDRARTHILSSFFYKRLTQKTASNNDTFSSTPDRMHSQ-----VRTWTKNVDIFEKDFVIVPINESSHWYLAVICFAGQEDPVF
Senp8-206|Gasp_gasp1.m3.5936.m1,Senp8-206,Gasp,43.602,211,99,3,15,224,26,601,1.9399999999999997e-54,174,DEIVLSFHDSLLRESDLSLLEGGRWLNDRLIGFVFDYFTHDQFKQISNEVVFISPDVTQFLKLGEG-IEIGIFLEPLNLPNQKLVVFAVNDNDSKLSAGGSHWSMLMYNRQTNSFHHYDSCSGYNASPARSLANNVEPFL------------------HGYDCGIYVICVAEDLCKNFLASKETSLKDTVTEENIQQKRTALKKLILDLGQ
Sumo1-201|Gasp_gasp1.m3.6926.m1,Sumo1-201,Gasp,40.26,77,45,1,15,90,912,1142,3.04e-10,55.8,DDDEENTIEIKVQGNDPDSKKTFKETKTDPLDKLMAAYCEFRKLPRSRLKFSFDGDELKGSETPEQLDMENEDVIDV
Sumo2-207|Gasp_gasp1.m3.6926.m1,Sumo2-207,Gasp,45.679,81,41,2,7,86,906,1142,8.33e-12,59.7,KEDDDEENT--IEIKVQGNDPDSKKTFKETKTDPLDKLMAAYCEFRKLPRSRLKFSFDGDELKGSETPEQLDMENEDVIDV
Sumo3-204|Gasp_gasp1.m3.6926.m1,Sumo3-204,Gasp,45.946,74,39,1,16,88,921,1142,3.56e-13,64.7,EENTIEIKVQGNDPDSKKTFKETKTDPLDKLMAAYCEFRKLPRSRLKFSFDGDELKGSETPEQLDMENEDVIDV
Senp1-204|Gfas_gfas1.m1.16119.m1,Senp1-204,Gfas,50.207,241,117,2,426,666,1469,2182,1.2100000000000001e-79,272,QALRDKEKE-TEAEDWFVVLSPDMERMVDAALAPGYDDDPLVEGFMFTLKRSDIATLSNLNWLNDEVINFFFNLLVERSNQQGKIKVHAFNSFFYPKLIKSGYASLRRWTKKVDIFAMDLVLIPVHLGMHWCLAAIDFNKKCISYYDSLKGSNPQCLSALRAYLSDESKDKKKVAFDFSGWKTASPK--DIPEQLNGCDCGVFACKYAEYLSRGAPFDFDQTDMPYFRRRMVYEILTKKLL
Senp2-201|Gfas_gfas1.m1.16119.m1,Senp2-201,Gfas,48.085,235,119,2,355,588,1484,2182,1.78e-69,241,KEKETEAEDWFVVLSPDMERMVDAALAPGYDDDPLVEGFMFTLKRSDIATLSNLNWLNDEVINFFFNLLVERSNQQGKIKVHAFNSFFYPKLIKSGYASLRRWTKKVDIFAMDLVLIPVHLGMHWCLAAIDFNKKCISYYDSLKGSNPQCLSALRAYLSDESKDKKKVAFDFSGWKTAS--PKDIPEQLNGCDCGVFACKYAEYLSRGAPFDFDQTDMPYFRRRMVYEILTKKLL
Senp3-201|Gfas_gfas1.m1.16119.m1,Senp3-201,Gfas,39.512,205,114,3,367,566,1580,2179,1.86e-42,163,DPLVEGFMFTLKRS-----DIATLSNLNWLNDEVINFFFNLLVERSNQQGKIKVHAFNSFFYPKLIKSGYASLRRWTKKVDIFAMDLVLIPVHLGMHWCLAAIDFNKKCISYYDSLKGSNPQCLSALRAYLSDESKDKKKVAFDFSGWKTASPKDIPEQLNGCDCGVFACKYAEYLSRGAPFDFDQTDMPYFRRRMVYEILTKKL
Senp5-201|Gfas_gfas1.m1.16119.m1,Senp5-201,Gfas,42.932,191,104,2,563,748,1610,2182,1.3199999999999999e-42,166,LKRSDIATLSNLNWLNDEVINFFFNLLVERSNQQGKIKVHAFNSFFYPKLIKSGYASLRRWTKKVDIFAMDLVLIPVHLGMHWCLAAIDFNKKCISYYDSLKGSNPQCLSALRAYLSDESKDKKKVAFDFSGWKTASPKDIPEQLNGCDCGVFACKYAEYLSRGAPFDFDQTDMPYFRRRMVYEILTKKLL
Senp6-203|Gfas_gfas1.m1.14863.m1,Senp6-203,Gfas,32.507,363,204,10,444,802,1426,2403,7.510000000000001e-36,148,PAKKKSDNLHG-------YTRDDLEIEIMIRADVRIGTLVCTATGPLKITCKTDEIKL-SVDFERKNILLSIAGNDLTSFKVGLGRNLAIIVLSVTPGYALKLVQ--------RIPNQGKFLNPGSAVTAERDIVL------EMSENVKKDVIADLQEWVTDKLSKEFAELSIKDVE-RIKALKASPLTS------KEQKQAPSEATSTAISTRSRTYNTRTNSSKQTAQT-------VRSLIVYPPLPQPERITVTSEDIPCLSEGEFLNDVIIDFYLKFVFFEKLKAVDRARTHIFSSFFYKQLTKRNNSN-SDNFSSTPDRMHSQVKTWTKNVDIFEKDFVIVPINESSHWYLAVICFPG
Senp7-203|Gfas_gfas1.m1.14863.m1,Senp7-203,Gfas,38.849,278,142,7,732,987,2032,2847,3.72e-39,158,VRSLIVYPPLPQPERITVTSEDIPCLSEGEFLNDVIIDFYLKFVFFEKLKAVDRARTHIFSSFFYKQLTKRNNSNSDNFSSTPDRMHSQ-----VKTWTKNVDIFEKDFVIVPINESSHWYLAVICFPGHTSVTYISEIPDEDDETNPKNKGSNSVTEETEKESENDKKDGSGDDDDDQLPALATLQSKSGKRSGRRKTLPKQSIKSQPCILIFDSL-GGQRQRCMFNLRNYLKVEWRERKKEAEPRDFNKDNMKGNHPKVG*KFFQYRCGCSPLFFI
Senp8-206|Gfas_gfas1.m1.3350.m1,Senp8-206,Gfas,53.704,162,72,3,13,173,9,488,9.819999999999999e-54,170,NMADEILSFHDSLLRKSDLSLLEDGRWLNDRLIGFVFDYFTHNQFKQISDDVLFISPDVTQFLKL-SHGAEIGVFIEPLELPSRKLVFFAVNDNDSTHSAGGCHWSLLMYSKQGNSFHHYDSFRSYNSSAARSLARNLEPFLAAKG-KLSFVEDRCPQQQNG
Sumo1-201|Gfas_gfas1.m1.15597.m1,Sumo1-201,Gfas,65.957,94,32,0,5,98,60,341,2.4899999999999996e-37,132,ELKMSEENKEVKPESEHINLKVMGQDNTEVHFKIKKTTQLRKLKQAYCDRQGVPLNSLRFLFDGQRINDDQTPKDLEMEDDDVIEVYQEQTGGR
Sumo2-207|Gfas_gfas1.m1.15597.m1,Sumo2-207,Gfas,59.494,79,32,0,15,93,102,338,6.17e-27,102,SEHINLKVMGQDNTEVHFKIKKTTQLRKLKQAYCDRQGVPLNSLRFLFDGQRINDDQTPKDLEMEDDDVIEVYQEQTGG
Sumo3-204|Gfas_gfas1.m1.15597.m1,Sumo3-204,Gfas,56.842,95,36,1,1,95,69,338,3.07e-29,110,MSEENKEVKPE-----SEHINLKVMGQDNTEVHFKIKKTTQLRKLKQAYCDRQGVPLNSLRFLFDGQRINDDQTPKDLEMEDDDVIEVYQEQTGG
Senp1-204|Hsal_ENA_GHBP01001992_GHBP01001992.1,Senp1-204,Hsal,44.262,61,34,0,500,560,553,735,2.3700000000000002e-26,69.3,IISGNKLKNYPKTYSFNTFFYSSLRDRGYNSVSSRTRKIDIFSKELILIPIHLGNHWVLIV
Senp2-201|Hsal_ENA_GHBP01001992_GHBP01001992.1,Senp2-201,Hsal,39.344,61,37,0,422,482,553,735,1.5899999999999999e-24,62,IISGNKLKNYPKTYSFNTFFYSSLRDRGYNSVSSRTRKIDIFSKELILIPIHLGNHWVLIV
Senp3-201|Hsal_ENA_GHBP01001992_GHBP01001992.1,Senp3-201,Hsal,57.143,49,21,0,415,463,586,732,1.7e-16,62.8,KTYSFNTFFYSSLRDRGYNSVSSRTRKIDIFSKELILIPIHLGNHWVLI
Senp5-201|Hsal_ENA_GHBP01001992_GHBP01001992.1,Senp5-201,Hsal,52,50,24,0,596,645,586,735,2.42e-15,57.8,KTYSFNTFFYSSLRDRGYNSVSSRTRKIDIFSKELILIPIHLGNHWVLIV
Senp6-203|Hsal_ENA_GHBP01004186_GHBP01004186.1,Senp6-203,Hsal,48.387,31,16,0,771,801,300,392,3.47e-11,44.3,WLGSIDIFQKDFLIFPINAYLHWSLVVICHP
Senp7-203|Hsal_ENA_GHBP01004186_GHBP01004186.1,Senp7-203,Hsal,42.424,66,36,1,968,1031,610,807,9.8e-7,50.8,ILEYSPKCVAARIQITIADLITLQPETYLNDTIIDFYLRFIKDRALLPQYQSKIHMFTSFFYEKMKKYYN
Senp8-206|Hsal_ENA_GHBP01001591_GHBP01001591.1,Senp8-206,Hsal,41.905,105,49,4,87,181,817,1125,1.65e-16,68.9,ILAPLKLADKNLIILPVNDNVSPLSGGGTHW*IFISILRSLLVYCRYNNTFYHYDSLSNANNEHAAIVAKKVTEVL--EVNQLPDYSCGYCNQQQNSIDCGLYVI
Sumo1-201|Hsal_ENA_GHBP01016006_GHBP01016006.1,Sumo1-201,Hsal,45.122,82,45,0,16,97,67,312,3.82e-21,80.9,KEEENYVTVKVLDTNGSHTMFKINRTAQLAKLTKAYCERKGIKSSSVRFFVNGQRITDAATAKELNIENGDVIEVFTGQQGG
Sumo2-207|Hsal_ENA_GHBP01016006_GHBP01016006.1,Sumo2-207,Hsal,44.048,84,46,1,10,93,64,312,3.29e-18,73.2,VKEEEN-YVTVKVLDTNGSHTMFKINRTAQLAKLTKAYCERKGIKSSSVRFFVNGQRITDAATAKELNIENGDVIEVFTGQQGG
Sumo3-204|Hsal_ENA_GHBP01016006_GHBP01016006.1,Sumo3-204,Hsal,43.299,97,54,1,1,96,25,315,1.85e-20,79.7,MSEENDQEDSLKKVKEEENYVTVKVLDTNGSHTMFKINRTAQLAKLTKAYCERKGIKSSSVRFFVNGQRITDAATAKELNIENGDVIEVFTGQQGGS
Senp1-204|Kiwa_ENA_GBGI01010364_GBGI01010364.1,Senp1-204,Kiwa,42.578,256,135,4,417,666,966,217,1.6800000000000001e-59,211,EKRTKLKKQYESLFPDFYIASHKDSMPKLDQNLLKKYIECIKNNSTNGYEIKLPNDA----ITCKDLSTLLGMNWLNDEVINFYLNMIMIRSQSSDKSYPSVHTFNTFFYEKLSRNGYIGVKRWTKKVNIFEKRFVLIPIHLAVHWCMCVVDMHEHTINYYDSLLNPNYDCINIIKDYLSNEFNTRYSKPIDLTSWKF--DCPTNIPIQRNGSDCGVFACVFSEYISRISPFDFTQENMPYFRQKMIIEIFQNKLL
Senp2-201|Kiwa_ENA_GBGI01010364_GBGI01010364.1,Senp2-201,Kiwa,46.154,195,101,2,396,588,795,217,4.37e-53,191,ITCKDLSTLLGMNWLNDEVINFYLNMIMIRSQSSDKSYPSVHTFNTFFYEKLSRNGYIGVKRWTKKVNIFEKRFVLIPIHLAVHWCMCVVDMHEHTINYYDSLLNPNYDCINIIKDYLSNEFNTRYSKPIDLTSWKFDC--PTNIPIQRNGSDCGVFACVFSEYISRISPFDFTQENMPYFRQKMIIEIFQNKLL
Senp3-201|Kiwa_ENA_GBGI01010364_GBGI01010364.1,Senp3-201,Kiwa,39.269,219,124,3,356,566,873,220,8.78e-42,159,NLLKKYIECIKNNSTNGYEIKLPNDAITCKDLSTLLGMNWLNDEVINFYLNMIMIRSQSSDKSYPSVHTFNTFFYEKLSRNGYIGVKRWTKKVNIFEKRFVLIPIHLAVHWCMCVVDMHEHTINYYDSLLNPNYDCINIIKDYLSNEFNTRYSKPIDL-TSWKFDCPTNIPIQRNGSDCGVFACVFSEYISRISPFDFTQENMPYFRQKMIIEIFQNKL
Senp5-201|Kiwa_ENA_GBGI01010364_GBGI01010364.1,Senp5-201,Kiwa,42.328,189,102,2,567,748,783,217,1.66e-38,152,DLSTLLGMNWLNDEVINFYLNMIMIRSQSSDKSYPSVHTFNTFFYEKLSRNGYIGVKRWTKKVNIFEKRFVLIPIHLAVHWCMCVVDMHEHTINYYDSLLNPNYDCINIIKDYLSNEFNTRYSKPIDLTSWKFDCPTNIPIQRNGSDCGVFACVFSEYISRISPFDFTQENMPYFRQKMIIEIFQNKLL
Senp6-203|Kiwa_ENA_GBGI01005384_GBGI01005384.1,Senp6-203,Kiwa,31.776,107,58,2,693,798,888,610,3.36e-8,57.4,ISIRYSDMLLLRKLKYFNDTLIDFYLRYIYEYYVKSSSTDLSVHIFGSYFYTKLSSKNGLSG--------------IKSWTKNVNIFEKRVVIVPINHLQHWSVCIL
Senp7-203|Kiwa_ENA_GBGI01005381_GBGI01005381.1,Senp7-203,Kiwa,27.431,288,131,11,747,1030,888,247,7.7e-17,84.7,ISIRYSDMLLLRKLKYFNDTLIDFYLRYIYEYYVKSSSTDL--SVHIFGSYFYTKLSSK-NGLS--------------GIKSWTKNVNIFEKRVVIVPINHLQHWSVCIL-------------------------YGFDH-INHND---------------------------CVKTCVYMLDSISCADSDCDRFNNILEFIKSEYNKYFKT--EFVENSLTLLSPNVPKQSNSSDCGLFMLQYVESFI-NAIKNNQ-NIKFSELITYKAISNKRSEIFDIIMNMSLN
Sumo1-201|Kiwa_ENA_GBGI01001623_GBGI01001623.1,Sumo1-201,Kiwa,55,80,36,0,18,97,344,105,2.97e-28,99.4,EEEYINIKVVGQDNSEVHFKIKHNTPLRKLKSAFCNRYGIKPSTVRFLHDGQKIGDDTTPSQLEMEDGDTIEVFQEQDGG
Sumo2-207|Kiwa_ENA_GBGI01001623_GBGI01001623.1,Sumo2-207,Kiwa,57.5,80,34,0,16,95,338,99,2.0800000000000004e-27,97.1,EYINIKVVGQDNSEVHFKIKHNTPLRKLKSAFCNRYGIKPSTVRFLHDGQKIGDDTTPSQLEMEDGDTIEVFQEQDGGKY
Sumo3-204|Kiwa_ENA_GBGI01001623_GBGI01001623.1,Sumo3-204,Kiwa,55.422,83,37,0,13,95,353,105,5.56e-27,96.7,IINEEEYINIKVVGQDNSEVHFKIKHNTPLRKLKSAFCNRYGIKPSTVRFLHDGQKIGDDTTPSQLEMEDGDTIEVFQEQDGG
Senp1-204|Mcap_adi2mcaRNA5543_R1,Senp1-204,Mcap,53.608,97,41,1,463,559,1,279,7.92e-32,122,DDPLVEGLK----RSDIATLSNFKWLNDEIINFFLNLLMERSIQQGKIQVHAFNSFFYPQLIKSGYGSLRRWTTKVNIFAMDLVLVPVHLGVHWCLS
Senp2-201|Mcap_g7642,Senp2-201,Mcap,60.92,87,34,0,396,482,799,1059,1.68e-30,123,LKRSDIATLSNFKWLNDEIINFFFNLLVERSNRQGKIKVHAFNSFFYPKLIKSGYASLKRWTKKVNIFAMDLVLVPVHLGVHWCLSV
Senp3-201|Mcap_adi2mcaRNA5543_R1,Senp3-201,Mcap,41.667,96,52,1,382,473,22,309,5.87e-18,82.8,LKRSDIATLSNFKWLNDEIINFFLNLLMERSIQQGKIQVHAFNSFFYPQLIKSGYGSLRRWTTKVNIFAMDLVLVPVHLGVHWCLSSNVNILKTLT
Senp5-201|Mcap_adi2mcaRNA5543_R1,Senp5-201,Mcap,45.882,85,42,1,563,643,22,276,4.39e-19,86.3,LKRSDIATLSNFKWLNDEIINFFLNLLMERSIQQGKIQVHAFNSFFYPQLIKSGYGSLRRWTTKVNIFAMDLVLVPVHLGVHWCL
Senp6-203|Mcap_g26283,Senp6-203,Mcap,32.584,445,243,13,471,890,1537,2775,3.31e-39,159,IMIRQDVRIGTLACTATEPLKIICKTDEIKLGVDYGLKN-MSLTIAGNDLTSFKMSQSSNPNVIVLGVTPGYAIKLCQKL--PKQRKFLNPGSAIS-----AERDIVL-------EVSENVKREVIADVA--EWVTDKLSK-EFDELSLTEVDRIKSFKSSPSTTKEQKSEPNEVSSTPLTTRSRTYNTR-----------ASSYKQPAKTVEKLFVYPPPPQPGGITVTSDDIRCLAEEEFLNDVIIDFYLKFVFYEKLKPEDRKRTHILSSFFYKRLTQ--RNNSLDNHGSTPDRMHSQVKTWTKNVDIFEKDFVFVPINENSHWYLAVICFAGHTEATYINEITDEDDETGSKDKDSE-TGTDKESENGNDGSEEEDADFELPALAKLQSAYSKPRRKKSLSKQTIKSQPCILVFDSLGGQRARCMFNLRNYLQVEWKVRRK
Senp7-203|Mcap_g26283,Senp7-203,Mcap,45.342,322,135,8,732,1027,2083,3003,8.269999999999999e-69,250,VEKLFVYPPPPQPGGITVTSDDIRCLAEEEFLNDVIIDFYLKFVFYEKLKPEDRKRTHILSSFFYKRLTQRNNSL--DNHGSTPDRMHSQ-----VKTWTKNVDIFEKDFVFVPINENSHWYLAVICFAGHTEATY-------INEITDEDDETGSKDKDSETGTDKESENGNDGSEEEDADFELPALAKLQSAYSKPRRKKSLSKQTIKSQPCILVFDSLGGQRAR-CMFNLRNYLQVEWKVRRKESESREFTKDNIKGSHPKVPQQDNFCDCGVYVLQYMDSFFEDPITDFSLPIKKTDWFPLETIAQKRSDIRELIFKL
Senp8-206|Mcap_g28198,Senp8-206,Mcap,45.755,212,111,3,15,225,7,633,4.94e-53,171,DEIVLSFHDSLLRRSDLSLLEEGCWLNDRLIGFIFDYFTYNAFKQVSDDVLFISPDVTQFLKLGQGP-EIGVFIDPLNFPSRKLIFFAVNDSDSPNSAGGSHWSLLMYDRQRNVFHHYDSFKSHNVSSAKSLAKKVEPFLTATPS--FFIEERCPQQENGHDCGVYVICITEQLCNNFIGHTEKSLVGSILAEDVRRKRKSLKSLILELGRK
Sumo1-201|Mcap_g62792,Sumo1-201,Mcap,69.88,83,25,0,16,98,25,273,1.94e-41,132,KPESEHINLKVMGQDNTEVHFKIKKTTQLRKLKQAYCDRQGVPLNSLRFLFDGQRINDDQTPKDLDMEDDDVIEVYQEQTGGQ
Sumo2-207|Mcap_g62792,Sumo2-207,Mcap,58.228,79,33,0,15,93,34,270,2.1600000000000002e-29,101,SEHINLKVMGQDNTEVHFKIKKTTQLRKLKQAYCDRQGVPLNSLRFLFDGQRINDDQTPKDLDMEDDDVIEVYQEQTGG
Sumo3-204|Mcap_g62792,Sumo3-204,Mcap,55.789,95,37,1,1,95,1,270,4.3599999999999995e-32,108,MSEENKEVKPE-----SEHINLKVMGQDNTEVHFKIKKTTQLRKLKQAYCDRQGVPLNSLRFLFDGQRINDDQTPKDLDMEDDDVIEVYQEQTGG
Senp1-204|Msqu_ENA_GHBR01003231_GHBR01003231.1,Senp1-204,Msqu,50.602,83,40,1,477,558,6,254,3.95e-41,96.3,KDLRTLFGHSWLNDEIINYYLGLIIIRSAKGSKYPKVHCFNTFFYPRLRNNGYPSVSSWTRNIDIFSKELIFVPIHLGDHWTL
Senp2-201|Msqu_ENA_GHBR01003231_GHBR01003231.1,Senp2-201,Msqu,48.193,83,42,1,400,481,9,257,3.82e-40,99.4,DLRTLFGHSWLNDEIINYYLGLIIIRSAKGSKYPKVHCFNTFFYPRLRNNGYPSVSSWTRNIDIFSKELIFVPIHLGDHWTLI
Senp3-201|Msqu_ENA_GHBR01003231_GHBR01003231.1,Senp3-201,Msqu,50,86,38,1,384,464,3,260,1.0699999999999999e-31,93.6,VKDLRTLFGHSWLNDEIINYYLGLIIIRSAKGSKYPKVHCFNTFFYPRLRNNGYPSVSSWTRNIDIFSKELIFVPIHLGDHWTLIS
Senp5-201|Msqu_ENA_GHBR01003231_GHBR01003231.1,Senp5-201,Msqu,47.059,85,38,2,567,645,9,260,6.4000000000000005e-27,84.7,DLRTLFGHSWLNDEIINYYLGLIIIRSAKGSKYP-KVHCFNTFFYPRLRNNGYPSVSSWTRNIDIFSKELIFVPIHLGDHWTLIS
Senp6-203|Msqu_ENA_GHBR01003310_GHBR01003310.1,Senp6-203,Msqu,34.211,76,48,2,995,1069,372,596,6.79e-8,52.8,ISIRGLDNNLVK-WLKDVNIFNKDFLFFPIHSNMHWVLIVICYPS
Senp7-203|Msqu_ENA_GHBR01003310_GHBR01003310.1,Senp7-203,Msqu,26.442,208,91,6,830,1029,255,716,4.920000000000001e-21,73.2,VNIFNKDFLFFPIHSNMHWVLIVICYP-------------------------------------SNLNNNCELDPS------------KWPQILLFDSLKIVEKESLFITKMIEFVQWQWYLHTSADFEFAR-QIKGIVPDVVKQTNSKDCGIFLLQYAESFLKEINRYRGSPPIKHDYRSLIDK----SIIRSKREQIIDVLLDLAI
Senp8-206|Msqu_ENA_GHBR01005419_GHBR01005419.1,Senp8-206,Msqu,37.324,142,85,2,23,163,101,517,1.7e-21,85.9,DCQIDEYDVDCIANHDFLTDRTLLFFITYFYTKFAKEFKKKVEIISPEVVHLIKMVDESKEI---LIPLKLNTKKLIILLINDCVSAESGGGSHWSLLVYYQKSNSFYHFDSMGNSNGNHASIVADKVTEVLDGFLNYLILI
Sumo1-201|Msqu_ENA_GHBR01010082_GHBR01010082.1,Sumo1-201,Msqu,41.176,51,30,0,50,100,2,154,8.06e-13,57.4,AYCDRKGIKSNTVRFFTNGQRVSNDATAKQLQLDDGDTLEVFKEQQGGTSS
Sumo2-207|Msqu_ENA_GHBR01010082_GHBR01010082.1,Sumo2-207,Msqu,40.816,49,29,0,46,94,2,148,5.94e-10,49.7,AYCDRKGIKSNTVRFFTNGQRVSNDATAKQLQLDDGDTLEVFKEQQGGT
Sumo3-204|Msqu_ENA_GHBR01010082_GHBR01010082.1,Sumo3-204,Msqu,41.176,51,30,0,48,98,2,154,7.35e-11,52.8,AYCDRKGIKSNTVRFFTNGQRVSNDATAKQLQLDDGDTLEVFKEQQGGTSS
Senp1-204|Nvec_XM_001640898.2,Senp1-204,Nvec,52.915,223,102,2,445,666,2095,2757,1.27e-76,266,LSDDMEQKINAALAPGNPGDNLTEGFNLTITRGDLATLSNLNWLNDEVINFYFNMIAARSKEDPVFPKVHFFNSFFYPKLIKTGHASLKRWTRKVDIFTVDLILVPIHLGMHWCLAAIDFRKKTVLYYDSLKGTNIQCLDALQKYLKDESLDKKKVPFDTTGWTAACPK--DIPEQLNGCDCGVFTCTYAEYLSRDAKFTFNQLRMPYIRRKMVYEILSKKLL
Senp2-201|Nvec_XM_001640898.2,Senp2-201,Nvec,47.788,226,115,2,364,588,2086,2757,2.93e-65,232,LVPLSDDMEQKINAALAPGNPGDNLTEGFNLTITRGDLATLSNLNWLNDEVINFYFNMIAARSKEDPVFPKVHFFNSFFYPKLIKTGHASLKRWTRKVDIFTVDLILVPIHLGMHWCLAAIDFRKKTVLYYDSLKGTNIQCLDALQKYLKDESLDKKKVPFDTTGWT--AACPKDIPEQLNGCDCGVFTCTYAEYLSRDAKFTFNQLRMPYIRRKMVYEILSKKLL
Senp3-201|Nvec_XM_001640898.2,Senp3-201,Nvec,39.904,208,114,3,365,566,2146,2754,2.31e-44,170,PGDNLTEGFNLT-----ITRGDLATLSNLNWLNDEVINFYFNMIAARSKEDPVFPKVHFFNSFFYPKLIKTGHASLKRWTRKVDIFTVDLILVPIHLGMHWCLAAIDFRKKTVLYYDSLKGTNIQCLDALQKYLKDESLDKKKVPFDTTGWTAACPKDIPEQLNGCDCGVFTCTYAEYLSRDAKFTFNQLRMPYIRRKMVYEILSKKL
Senp5-201|Nvec_XM_001640898.2,Senp5-201,Nvec,42.328,189,101,4,567,748,2194,2757,2.5e-39,158,DLATLSNLNWLNDEVINFYFNMIAARSKEDPVFPKVHFFNSFFYPKLIKTGHASLKRWTRKVDIFTVDLILVPIHLGMHWCLAAIDFRKKTVLYYDSLKGTNIQ-CLDALQKYLKDESLDKKKVPFDTTGWTAACPKDIPEQLNGCDCGVFTCTYAEYLSRDAKFTFNQLRMPYIRRKMVYEILSKKLL
Senp6-203|Nvec_XM_032378943.1,Senp6-203,Nvec,34.853,373,201,12,467,832,1939,2952,9.05e-45,178,FSANIALGDTVMLGTLSGTPIGNLELSVNMLKWMMEYNEKDGKRKINIYIEGRDLTSFKITRDQNPKLIVL----GVTQALALRFQY----KLNGNGKFLNPGSAVTAERDIVLEVKDTIKDELIADLEEWVTDT-----LSKEFKNLSVEEAES-IITCVKPFKDS-RTRCNSGEPSA------SRYNTRS--------NDTSAKQKNK---PPPENLLVYPPPPQQGGINITTANLDCLQEGEFLNDVIIDFYLKYIFHEKLTDFDRERTHIFSSFFYKRLTQRAS---SETNLSVIERMHSQVKTWTKYVDIFQKDFIVVPINESSHWYLAIVCFPGQDRPVFKVNSEEGSDHESEVRQDVYSARQSNVA
Senp7-203|Nvec_XM_001630327.2,Senp7-203,Nvec,45.246,305,159,4,727,1027,2472,3374,8.73e-68,249,KNKPPPENLLVYPPPPQQGGINITTANLDCLQEGEFLNDVIIDFYLKYIFHEKLTDFDRERTHIFSSFFYKRLTQRASSET----NLSVIERMHSQVKTWTKYVDIFQKDFIVVPINESSHWYLAIVCFPGQDRPVFKVNSEEGSDHESETSVSEKNDDATDEEEKKTLNADAGNPPITNATNPGSQPKGIIESCPCILVFDSLGGSGRSRVTSNLRNYLMHEWNHKKSEGKKRDFSKETFKGGFPKVPEQDNHCDCGVFLLQYVESFFEDPIKDYKMPIRRTDWFTQERIARKRQEIRDLIYEL
Senp8-206|Nvec_XM_001640187.2,Senp8-206,Nvec,45.455,209,110,3,17,224,52,669,3.13e-54,182,IVLNFYESLLRKSDVALLEPGQWLNDNLIGFMFEYFEHVEFRDGSKDLLFLSPGVTQLIKLTRG-VELMAILEPLNLPKYQRVFFAVNNNEAKMSTGGSHWSLLVYCKRSNIFSHYDSLSEANSNAAKELANQVGLILKDPGPS--YEEALCPQQENGSDCGVYVIGITEHLCKQCTGETTVKLIDAVTPAAIARRRQQMKELIVKLAK
Sumo1-201|Nvec_XM_001637850.2,Sumo1-201,Nvec,70.732,82,24,0,16,97,119,364,2.0999999999999998e-30,110,KPESEHINLKVMGSDNSEVHFKIKKTTQLKKLKAAYCDRQGVQMNSVRFLFDGQRINDDQTPKQLEMEDDDVIEVYQEQTGG
Sumo2-207|Nvec_XM_001637850.2,Sumo2-207,Nvec,61.25,80,31,0,15,94,128,367,7.68e-25,95.1,SEHINLKVMGSDNSEVHFKIKKTTQLKKLKAAYCDRQGVQMNSVRFLFDGQRINDDQTPKQLEMEDDDVIEVYQEQTGGL
Sumo3-204|Nvec_XM_001637850.2,Sumo3-204,Nvec,58.947,95,34,1,1,95,95,364,3.1900000000000004e-27,102,MSEENKEVKPE-----SEHINLKVMGSDNSEVHFKIKKTTQLKKLKAAYCDRQGVQMNSVRFLFDGQRINDDQTPKQLEMEDDDVIEVYQEQTGG
Senp1-204|Pbac_AVPN01002932.1,Senp1-204,Pbac,41.322,121,39,2,492,581,7971,7612,8.67e-23,106,VINFYFNLLMDRSKKVA-PSIHIFNTFFYPRLLKVGHQGLARWTRKVR*YTTLYNTLISRYFNMLYRMTYLHTLPSQVDLFAKDLIMIPIHLGMHWCLAVIDNRTSTITYYDSLLGDNHQC
Senp2-201|Pbac_AVPN01002932.1,Senp2-201,Pbac,34.247,146,58,4,414,523,7971,7540,3.3e-16,84.7,VINFYFNLLMDRSKKVA-PSIHIFNTFFYPRLLKVGHQGLARWTRKVR*YTTLYNTLISRYFNMLYRMTYLHTLPSQVDLFAKDLIMIPIHLGMHWCLAVIDNRTSTITYYDSLLGDNHQ-CTTALRLVWRGVRN*QLTTARNTKL
Senp3-201|Pbac_AVPN01002061.1,Senp3-201,Pbac,52.273,44,21,0,442,485,4569,4438,1.29e-13,53.1,VDLFAKDLIMIPIHLGMHWCLAVIDNRTSTITYYDSLLGDNHQC
Senp5-201|Pbac_AVPN01002061.1,Senp5-201,Pbac,45.652,46,22,1,581,623,4799,4662,1.03e-10,45.4,VINFYFNLLMDRSKKVAPSIHIFNTFFYPRLLKVGHQGLARWTRKV
Senp6-203|Pbac_AVPN01000919.1,Senp6-203,Pbac,53.488,43,20,0,766,808,12008,12136,3.58e-9,63.5,WQVKNWSKSIDLFSKDFIIVPINEHQHWYLAIICYPWLEGPVY
Senp7-203|Pbac_AVPN01012403.1,Senp7-203,Pbac,44.681,47,25,1,947,992,359,499,4.72e-9,44.3,EWKTKGNKPPRNFTKANFPGIFVEGPLQENYCDCGVFLLHFVEKFFE
Senp8-206|Pbac_AVPN01005677.1,Senp8-206,Pbac,31.176,170,102,5,16,181,2736,2260,1.59e-17,83.2,SVKLEYGDTVLYQDDIKSLGGREFLTDSVISLFLEILNETSFK-----VFAVSPSIVQLMKMTDEN-QLKEIFGPLELEKFDVVLLPVNDSRSVSSTLSGAHWSLLCYVRSEQTAYHIDSASSFNATDAKKIIQKLSVLTKIRIQGKKMC-----CSQQTNGHDCGVYVI
Sumo1-201|Pbac_AVPN01000305.1,Sumo1-201,Pbac,68.889,45,14,0,55,99,15451,15585,6.54e-15,70.5,QGIPINSVRFLFEGARINDEQAPKDLEMEDNDTIEVYQEQTGGSS
Sumo2-207|Pbac_AVPN01000305.1,Sumo2-207,Pbac,53.488,43,20,0,51,93,15451,15579,9.51e-9,52.8,QGIPINSVRFLFEGARINDEQAPKDLEMEDNDTIEVYQEQTGG
Sumo3-204|Pbac_AVPN01000305.1,Sumo3-204,Pbac,53.333,45,21,0,53,97,15451,15585,2.51e-9,55.1,QGIPINSVRFLFEGARINDEQAPKDLEMEDNDTIEVYQEQTGGSS
Senp1-204|Pdam_Pocillopora_damicornis_4509,Senp1-204,Pdam,58.065,124,50,1,543,666,1,366,9.869999999999999e-48,162,MDVVLVPIHLGMHWCLAVIDFNRKRISYYDSLKGSNPQCLSALSDYLKNESLDKKKVPFDSTGWRTVSPK--DIPEQLNGCDCGVFACKYAEYLSRRAPFDFDQRHMPYFRRRMVYEILTKKLL
Senp2-201|Pdam_Pocillopora_damicornis_4509,Senp2-201,Pdam,43.548,124,68,1,465,588,1,366,4.149999999999999e-31,115,MDVVLVPIHLGMHWCLAVIDFNRKRISYYDSLKGSNPQCLSALSDYLKNESLDKKKVPFDSTGWR--TVSPKDIPEQLNGCDCGVFACKYAEYLSRRAPFDFDQRHMPYFRRRMVYEILTKKLL
Senp3-201|Pdam_Pocillopora_damicornis_4509,Senp3-201,Pdam,35,120,77,1,448,566,4,363,8.65e-22,89.7,DVVLVPIHLGMHWCLAVIDFNRKRISYYDSLKGSNPQCLSALSDYLKNESLDKKKVPFDSTGWRTVSPKDIPEQLNGCDCGVFACKYAEYLSRRAPFDFDQRHMPYFRRRMVYEILTKKL
Senp5-201|Pdam_Pocillopora_damicornis_4509,Senp5-201,Pdam,37.5,120,74,1,630,748,7,366,7.64e-21,87.4,VVLVPIHLGMHWCLAVIDFNRKRISYYDSLKGSNPQCLSALSDYLKNESLDKKKVPFDSTGWRTVSPKDIPEQLNGCDCGVFACKYAEYLSRRAPFDFDQRHMPYFRRRMVYEILTKKLL
Senp6-203|Pdam_Pocillopora_damicornis_5386,Senp6-203,Pdam,56.842,95,41,0,679,773,61,345,5.449999999999999e-23,94,QTLIVYPRPPQPGGITVTTEDVACLAPGELLNDVIIDFYLKYIFFEKLSPADRERTHILSSFFYKRLTQRSTSGSSNTSTSTSDRMHSQVRTWTK
Senp7-203|Pdam_Pocillopora_damicornis_5386,Senp7-203,Pdam,64.286,70,25,0,733,802,61,270,1.6e-22,92.4,QTLIVYPRPPQPGGITVTTEDVACLAPGELLNDVIIDFYLKYIFFEKLSPADRERTHILSSFFYKRLTQR
Sumo1-201|Pdam_Pocillopora_damicornis_17364,Sumo1-201,Pdam,38.571,70,42,1,22,90,82,291,6.5500000000000006e-11,52.8,IEIKVQGIEPDSKKAFQILKTDPLEKLMTAYCEYRKLPRSRIKFLFDGEDLKGGETPEQLDMEHEDVIDV
Sumo2-207|Pdam_Pocillopora_damicornis_17364,Sumo2-207,Pdam,45.333,75,40,1,13,86,67,291,5.68e-15,63.2,EDKNSIEIKVQGIEPDSKKAFQILKTDPLEKLMTAYCEYRKLPRSRIKFLFDGEDLKGGETPEQLDMEHEDVIDV
Sumo3-204|Pdam_Pocillopora_damicornis_17364,Sumo3-204,Pdam,44.595,74,40,1,16,88,70,291,7.8500000000000006e-14,60.8,DKNSIEIKVQGIEPDSKKAFQILKTDPLEKLMTAYCEYRKLPRSRIKFLFDGEDLKGGETPEQLDMEHEDVIDV
Senp1-204|Plut_plut2.m8.16449.m1,Senp1-204,Plut,45.333,225,86,3,442,666,1404,1967,4.91e-58,211,FVVLTPDMDRKVDAALAPGYSDDPLVEGFRVTLKRSDIATLGNLNWLNDEVINFYFNLLVERSNQQGKVKVHAFNSFFYPKLIKSGYASLRRWTKKVDIFAMDLVLVPVHLGMHWCLAAVDFRKKYISYYDSLKGSNNQ-CLSALSYL------------------LFLVK------------------KYAEYLSRRANFDFDQRHMPYFRRRMVYEILTKQLL
Senp2-201|Plut_plut2.m8.16449.m1,Senp2-201,Plut,40.991,222,94,2,367,588,1413,1967,7.26e-47,177,LTPDMDRKVDAALAPGYSDDPLVEGFRVTLKRSDIATLGNLNWLNDEVINFYFNLLVERSNQQGKVKVHAFNSFFYPKLIKSGYASLRRWTKKVDIFAMDLVLVPVHLGMHWCLAAVDFRKKYISYYDSLKGSNNQ-CLSALSYLL------------------------------------FLVKKYAEYLSRRANFDFDQRHMPYFRRRMVYEILTKQLL
Senp3-201|Plut_plut2.m8.16449.m1,Senp3-201,Plut,34.653,202,89,3,369,566,1476,1964,1.3e-29,124,LVEGFRVTLKR-----SDIATLGNLNWLNDEVINFYFNLLVERSNQQGKVKVHAFNSFFYPKLIKSGYASLRRWTKKVDIFAMDLVLVPVHLGMHWCLAAVDFRKKYISYYDSLKGSNNQCLSALSYLL----------------------------------FLVKKYAEYLSRRANFDFDQRHMPYFRRRMVYEILTKQL
Senp5-201|Plut_plut2.m8.16449.m1,Senp5-201,Plut,34.211,190,87,3,563,748,1500,1967,1.0799999999999999e-24,110,LKRSDIATLGNLNWLNDEVINFYFNLLVERSNQQGKVKVHAFNSFFYPKLIKSGYASLRRWTKKVDIFAMDLVLVPVHLGMHWCLAAVDFRKKYISYYDSLKGSNNQCLSAL-SYLL---------------------------------FLVKKYAEYLSRRANFDFDQRHMPYFRRRMVYEILTKQLL
Senp6-203|Plut_plut2.m8.23491.m1,Senp6-203,Plut,50.943,159,76,2,678,836,2186,2656,1.85e-38,157,VEKLIVYPAPPQPGGITVTSEDIPCLAPGEFLNDVIIDFYLKYVFEKLKPE-DKARTHILSSFFYKRLTQKNNKHSDSFT-STPDRMHSQVRTWTKNVDIFEKDFVFLPINESSHWYLAVICFAGHTEPTYINEILDEDEETQQKKDSESDAATEKESE
Senp7-203|Plut_plut2.m8.23491.m1,Senp7-203,Plut,41.729,266,136,6,732,992,2186,2941,2.76e-42,169,VEKLIVYPAPPQPGGITVTSEDIPCLAPGEFLNDVIIDFYLKY-VFEKLKPEDKARTHILSSFFYKRLTQKNNKHSDSFTSTPDRMHSQ-----VRTWTKNVDIFEKDFVFLPINESSHWYLAVICFAGHTEPTYIN------EILDEDEETQQKKDSESDAATEKESENDNNNDVDDDDDVELPTLTSLQSKSLSRSRRKSSLPKQSIKS--HYLACEWKERKKECEPREFNKDNVKGNHPKAPVQDNFCDCGVYVLQYMESFFK
Senp8-206|Plut_plut2.m8.12078.m1,Senp8-206,Plut,44.545,220,119,3,15,233,17,670,3.2699999999999996e-57,192,DEIVLSFQDSLLRQSDLRLLEEGRWLNDRLIGFMFDYFTHHQFEKISQDVLFISPDVTQFLKL-AEGVDIGDFIEPLNIPSHKLVFFAVNDNESTNSVGGSHWSLLLYKRQTNSFHHYDSSTPFNTSAARSLAKNVEPFLLVK-DTPSFIEDKCPQQQNGYDCGVYVITITEELCKNVLGNREKALTDTMTAKDITQKRELLKKLVLNLSQEKT*S*KSC
Sumo1-201|Plut_plut2.m8.2770.m1,Sumo1-201,Plut,38.372,86,52,1,8,92,892,1149,1.44e-13,65.1,PAMTDKIDDEEANQIEIKVQGKDADSKKTFKISKTDPLEKLMTAYCEFRKMPQSKLKFFFDGELLNGSETPVDLDMEEEDIIDVRE
Sumo2-207|Plut_plut2.m8.2770.m1,Sumo2-207,Plut,43.59,78,43,1,10,86,910,1143,1.09e-14,68.2,IDDEEANQIEIKVQGKDADSKKTFKISKTDPLEKLMTAYCEFRKMPQSKLKFFFDGELLNGSETPVDLDMEEEDIIDV
Sumo3-204|Plut_plut2.m8.2770.m1,Sumo3-204,Plut,45.946,74,39,1,16,88,922,1143,1.43e-14,68.6,EANQIEIKVQGKDADSKKTFKISKTDPLEKLMTAYCEFRKMPQSKLKFFFDGELLNGSETPVDLDMEEEDIIDV
Senp1-204|Prus_35620_t,Senp1-204,Prus,38.163,283,101,3,436,666,565,1347,7.11e-61,210,TEEADSFVALTSDMERMVDAALAPGYDDDPLVEGFR--------------------IINFFFNLLVERSNQQDKIKVHAFNSFFYPKLIKSGYASLRRWTKKVDIFAMDLVLVPVHLGMHWCFAAVDFKKKCISYYDSLKGSNPQCLSALRAYLNDESMDKKKVAFDLNGWKTASPK--DIPEQLNGCDCGVFACKYINFTKHRVSEKIAENREAITKKLSVLLAIEIEDAMLNVTQTSAKTLGGYRLYAEYLSRGASFDFDQRHMPYFRRRMVYEILTKKLL
Senp2-201|Prus_35620_t,Senp2-201,Prus,33.571,280,112,3,361,588,574,1347,4.67e-47,171,ADSFVALTSDMERMVDAALAPGYDDDPLVEGFR--------------------IINFFFNLLVERSNQQDKIKVHAFNSFFYPKLIKSGYASLRRWTKKVDIFAMDLVLVPVHLGMHWCFAAVDFKKKCISYYDSLKGSNPQCLSALRAYLNDESMDKKKVAFDLNGWKTAS--PKDIPEQLNGCDCGVFACKYINFTKHRVSEKIAENREAITKKLSVLLAIEIEDAMLNVTQTSAKTLGGYRLYAEYLSRGASFDFDQRHMPYFRRRMVYEILTKKLL
Senp3-201|Prus_35620_t,Senp3-201,Prus,37.857,140,82,2,399,533,670,1089,5.8400000000000004e-27,114,RIINFFFNLLVERSNQQDKIKVHAFNSFFYPKLIKSGYASLRRWTKKVDIFAMDLVLVPVHLGMHWCFAAVDFKKKCISYYDSLKGSNPQCLSALRAYLNDESMDKKKVAFDLNGWKTASPKDIPEQLNGCDCGVFACKY
Senp5-201|Prus_35620_t,Senp5-201,Prus,41.429,140,77,2,580,714,670,1089,3.2999999999999997e-28,119,RIINFFFNLLVERSNQQDKIKVHAFNSFFYPKLIKSGYASLRRWTKKVDIFAMDLVLVPVHLGMHWCFAAVDFKKKCISYYDSLKGSNPQCLSALRAYLNDESMDKKKVAFDLNGWKTASPKDIPEQLNGCDCGVFACKY
Senp6-203|Prus_Prusg19823.t1,Senp6-203,Prus,43.925,107,59,1,730,836,112,429,2.6e-22,99,DKARTHILSSFFYKRLTQKNNKDSGSFT-STPDRMHSQVRTWTKNVDIFEKDFVFLPINESSHWYLAVICFAGHTEPTYINEILDEDEETQQKKDSESDAVTEKESE
Senp7-203|Prus_Prusg19823.t1,Senp7-203,Prus,37.786,262,151,4,776,1035,88,843,1.1099999999999998e-37,143,VFEKLKPEDKARTHILSSFFYKRLTQKNNK--DSGSFTSTPDRMHSQVRTWTKNVDIFEKDFVFLPINESSHWYLAVICFAGHTEPTY------INEILDEDEETQQKKDSESDAVTEKESENNDNNDVDDDDDLELPTLTSLQSKSLSKNRRKSSLPKQSIKS--HYLACEWKERKKECEPREFNKDNVKGNHPKVPVQDNFCDCGVYVLQYMESFFEDPITDFSFPIRKTDWFGFEEIAQKRNDIRKLIYKLKADADSAG
Senp8-206|Prus_33491_t,Senp8-206,Prus,39.706,68,41,0,158,225,97,300,2.05e-9,53.9,DTPSFIEDKCPQQQNGYDCGVYVITITEELCKNFLGNREKALTDTMTAKDITQKRELLKKLILNLGQE
Sumo1-201|Prus_Prusg783.t2,Sumo1-201,Prus,38.372,86,52,1,8,92,682,939,6.2e-14,65.9,PAMTDKIDDEEANQIEIKVQGKDADSKKTFKISKTDPLEKLMAAYCEFRKIPHSKLKFFFDGELLKGSETPVDLDMEEEDIIDVRE
Sumo2-207|Prus_Prusg783.t2,Sumo2-207,Prus,42.308,78,44,1,10,86,700,933,7.56e-14,65.5,IDDEEANQIEIKVQGKDADSKKTFKISKTDPLEKLMAAYCEFRKIPHSKLKFFFDGELLKGSETPVDLDMEEEDIIDV
Sumo3-204|Prus_Prusg783.t2,Sumo3-204,Prus,44.595,74,40,1,16,88,712,933,8.81e-14,65.9,EANQIEIKVQGKDADSKKTFKISKTDPLEKLMAAYCEFRKIPHSKLKFFFDGELLKGSETPVDLDMEEEDIIDV
Senp1-204|Pver_TRINITY_DN3778_c0_g1_i2,Senp1-204,Pver,55.066,227,100,1,440,666,1433,2107,2.71e-86,288,DSFVPLTDEMERMVDAALAPGYSEDPLVEGFRVTLKRSDVATLSNLNWLNDEIINFFFNLIMERSNQQGNVKVHAFNSFFYPKLIKSGYASLKRWTKKVDIFAMDVVLVPIHLGMHWCLAVIDFNRKCISYYDSLKGSNPQCLSALSDYLKNESLDKKKVPFDSTGWRTVSPK--DIPEQLNGCDCGVFACKYAEYLSRRAPFDFDQRHMPYFRRRMVYEILSKKLL
Senp2-201|Pver_TRINITY_DN3778_c0_g1_i2,Senp2-201,Pver,44.737,228,124,1,361,588,1430,2107,5.75e-67,233,TDSFVPLTDEMERMVDAALAPGYSEDPLVEGFRVTLKRSDVATLSNLNWLNDEIINFFFNLIMERSNQQGNVKVHAFNSFFYPKLIKSGYASLKRWTKKVDIFAMDVVLVPIHLGMHWCLAVIDFNRKCISYYDSLKGSNPQCLSALSDYLKNESLDKKKVPFDSTGWR--TVSPKDIPEQLNGCDCGVFACKYAEYLSRRAPFDFDQRHMPYFRRRMVYEILSKKLL
Senp3-201|Pver_TRINITY_DN3778_c0_g1_i2,Senp3-201,Pver,40.394,203,111,3,369,566,1511,2104,1.5e-44,169,LVEGFRVTLKRS-----DVATLSNLNWLNDEIINFFFNLIMERSNQQGNVKVHAFNSFFYPKLIKSGYASLKRWTKKVDIFAMDVVLVPIHLGMHWCLAVIDFNRKCISYYDSLKGSNPQCLSALSDYLKNESLDKKKVPFDSTGWRTVSPKDIPEQLNGCDCGVFACKYAEYLSRRAPFDFDQRHMPYFRRRMVYEILSKKL
Senp5-201|Pver_TRINITY_DN3778_c0_g1_i2,Senp5-201,Pver,41.885,191,106,2,563,748,1535,2107,4.06e-40,159,LKRSDVATLSNLNWLNDEIINFFFNLIMERSNQQGNVKVHAFNSFFYPKLIKSGYASLKRWTKKVDIFAMDVVLVPIHLGMHWCLAVIDFNRKCISYYDSLKGSNPQCLSALSDYLKNESLDKKKVPFDSTGWRTVSPKDIPEQLNGCDCGVFACKYAEYLSRRAPFDFDQRHMPYFRRRMVYEILSKKLL
Senp6-203|Pver_TRINITY_DN5540_c0_g1_i1,Senp6-203,Pver,59.677,124,50,0,679,802,2201,2572,5.9e-36,149,QTLIVYPRPPQPGGITVTTEDVACLAPGELLNDVIIDFYLKYIFFERLSPADRERTHILSSFFYKRLTQRSTSGSSNTSTSTSDRMHSQVRTWTKNVDIFEKDFVVVPINESSHWYLAVICFPG
Senp7-203|Pver_TRINITY_DN5540_c0_g1_i1,Senp7-203,Pver,44.984,309,153,7,732,1027,2198,3112,6.13e-57,216,AQTLIVYPRPPQPGGITVTTEDVACLAPGELLNDVIIDFYLKYIFFERLSPADRERTHILSSFFYKRLTQRSTSGSS-NTSTSTSDRMHSQVRTWTKNVDIFEKDFVVVPINESSHWYLAVICFPGKDGQTLVNEINDEDDGSDSKNEDHDIKTGEEAKNGRDNDDDVLLLRSPFAKDRKKSPKQNQSKSLSKQIITSRPCILVFDSL-GLTRSRCLFNLRNYLQCEWRERKKEPNTKSFDKDAVKGNHPKVPGQDNHFDCGVYVCQYVESFFTDPITDFSLPIKKPDWFSS--IQYKREEIRKLIYTL
Senp8-206|Pver_TRINITY_DN9611_c0_g1_i3,Senp8-206,Pver,47.418,213,109,3,15,225,19,654,1.7899999999999998e-52,178,DEIVLSFHDSLLKKSDLSLLEEGRWLNDRLIGFVFDYFTHNKFKQISDIAIFISPDVTQFLKLGEG-LEIGIFLEPLDLPSRKLIFFAVNDNDSRHSAGGSHWSLLAYYRETNSFHHCDSSSSFNTSAARSLAQNVEPFLHCRSGQNPSFKEDRCPQQQNGYDCGLYVVCITEQLCTNFMNNVKISLSDTLTPEDIRKKRKALKELVLSLGEK
Sumo1-201|Pver_TRINITY_DN62253_c0_g1_i1,Sumo1-201,Pver,48.101,79,41,0,20,98,87,323,1.2500000000000001e-22,85.9,QHIQLKVKDQQGSEVQFKIKKTTPLRKLMDAYCSRLGLQASQVRFMVDGERIAADDTAEKLGLEDEDLIDVAMEQTGGQ
Sumo2-207|Pver_TRINITY_DN2048_c0_g1_i1,Sumo2-207,Pver,54.545,88,40,0,6,93,46,309,4.09e-26,94.4,PKMAEAADAPQHIQLKVKDQQGSEVQFKIKKTTPLRKLMDAYCSRLGLQASQVRFMVDGERIAADDTAEKLGLEDEDLIDVAMEQTGG
Sumo3-204|Pver_TRINITY_DN2048_c0_g1_i1,Sumo3-204,Pver,59.74,77,31,0,19,95,79,309,2.16e-25,93.2,HIQLKVKDQQGSEVQFKIKKTTPLRKLMDAYCSRLGLQASQVRFMVDGERIAADDTAEKLGLEDEDLIDVAMEQTGG
Senp1-204|Spis_Stylophora_pistillata_10537,Senp1-204,Spis,53.304,227,104,1,440,666,1513,2187,1.1600000000000001e-85,283,DSFVPLADEMERMVDAALAPGYSEDPLVEGFRVTLKRSDVATLSNLNWLNDEIINFFFNLIMERSNQQGNVKVHAFNSFFYPKLIKSGYASLKRWTKKVDIFAMDIVLVPVHLGMHWCVAAIDFKKKCISYYDSLKGSNPQCLTALSDYLKKESLDKQKKPFDSTGWKTVSPK--DIPEQLNGCDCGVFACKYAEYLSRRAPFDFDQRHMPYFRRRMVYEILTKKLL
Senp2-201|Spis_Stylophora_pistillata_10537,Senp2-201,Spis,43.421,228,127,1,361,588,1510,2187,2.25e-65,226,TDSFVPLADEMERMVDAALAPGYSEDPLVEGFRVTLKRSDVATLSNLNWLNDEIINFFFNLIMERSNQQGNVKVHAFNSFFYPKLIKSGYASLKRWTKKVDIFAMDIVLVPVHLGMHWCVAAIDFKKKCISYYDSLKGSNPQCLTALSDYLKKESLDKQKKPFDSTGWK--TVSPKDIPEQLNGCDCGVFACKYAEYLSRRAPFDFDQRHMPYFRRRMVYEILTKKLL
Senp3-201|Spis_Stylophora_pistillata_10537,Senp3-201,Spis,39.409,203,113,3,369,566,1591,2184,3.31e-44,167,LVEGFRVTLKR-----SDVATLSNLNWLNDEIINFFFNLIMERSNQQGNVKVHAFNSFFYPKLIKSGYASLKRWTKKVDIFAMDIVLVPVHLGMHWCVAAIDFKKKCISYYDSLKGSNPQCLTALSDYLKKESLDKQKKPFDSTGWKTVSPKDIPEQLNGCDCGVFACKYAEYLSRRAPFDFDQRHMPYFRRRMVYEILTKKL
Senp5-201|Spis_Stylophora_pistillata_10537,Senp5-201,Spis,40.838,191,108,2,563,748,1615,2187,7.3e-40,156,LKRSDVATLSNLNWLNDEIINFFFNLIMERSNQQGNVKVHAFNSFFYPKLIKSGYASLKRWTKKVDIFAMDIVLVPVHLGMHWCVAAIDFKKKCISYYDSLKGSNPQCLTALSDYLKKESLDKQKKPFDSTGWKTVSPKDIPEQLNGCDCGVFACKYAEYLSRRAPFDFDQRHMPYFRRRMVYEILTKKLL
Senp6-203|Spis_Stylophora_pistillata_2879,Senp6-203,Spis,60.465,129,51,0,678,806,559,945,1.77e-42,162,AQTLIVYPRPPQPGGITVTTEDVACLAPGEFLNDVIIDFYLKYIFFEKLSPADKERTHILSSFFYKRLTQRSTNSSSDTFTSTQDRMHSQVRTWTKNVDIFEKDFVIVPINESSHWYLAVICFPGKDRP
Senp7-203|Spis_Stylophora_pistillata_2879,Senp7-203,Spis,44.62,316,158,6,732,1034,559,1494,1.11e-65,229,AQTLIVYPRPPQPGGITVTTEDVACLAPGEFLNDVIIDFYLKYIFFEKLSPADKERTHILSSFFYKRLTQRSTNSSSDTF-TSTQDRMHSQVRTWTKNVDIFEKDFVIVPINESSHWYLAVICFPGKDRPTVVSEINEEDDESDTKNEDHDNKTGEEAQNGADGDDDVFLFRSPFATDRKKTPKQNQGKSSSKQIITSQPCILVFDSL-GCTRQRCLLNLRNYLKCEWRERKKEPEAKSFDKDAIKGSHPKVPGQDNFCDCGVYVCQYVESFFADPITDFSLPIKKPDWFSS--IEDKREKIRQLVYALKTSGEVG
Senp8-206|Spis_Stylophora_pistillata_3916,Senp8-206,Spis,50.704,213,102,3,15,225,1,636,2.1100000000000002e-70,214,DEVVLSFHDSLLRKSDLSLLEEGRWLNDRLIGFVFDYFTHNKFKQISDIVTFISPDVTQFLKLGEG-IEIGIFLEPLDLPSQKMIFFTVNNNDSRHLAGGSHWSLLVYFQETNSFHHYDSHSSFNTSAARSLAQNVEPFLHCKSGQNPCFMEDRCPQQQNGYDCGVYVVCVTEQLCNNFMNNSKMSLDDNLTPEDIRKKRKSLKDLVLGLGEK
Sumo1-201|Spis_Stylophora_pistillata_329,Sumo1-201,Spis,38.571,70,42,1,22,90,811,1020,1.7e-10,55.5,IEIKVQGKEPDSKKTFRILKTDQLEKLMTAYCEYRKLPRSRIKFLFDGEDLKGGETPEQLDMEHEDVIDV
Sumo2-207|Spis_Stylophora_pistillata_329,Sumo2-207,Spis,44,75,41,1,13,86,796,1020,2.16e-12,60.5,EDENSIEIKVQGKEPDSKKTFRILKTDQLEKLMTAYCEYRKLPRSRIKFLFDGEDLKGGETPEQLDMEHEDVIDV
Sumo3-204|Spis_Stylophora_pistillata_329,Sumo3-204,Spis,41.86,86,48,2,4,88,766,1020,1.12e-13,64.7,DKP-ILPDSVEEDENSIEIKVQGKEPDSKKTFRILKTDQLEKLMTAYCEYRKLPRSRIKFLFDGEDLKGGETPEQLDMEHEDVIDV
