ALG13-203	10	1089	Adig_Acropora_digitifera_11038	Adig
ALG13-203	43	315	Ahya_Acropora_hyacinthus_926	Ahya
ALG13-203	61	1089	Amil_Acropora_millepora_3567	Amil
ALG13-203	54	1658	Apal_XM_021046334.2	Apal
ALG13-203	85	1104	Apoc_chromosome_6.777_1	Apoc
ALG13-203	47	448	Aque_XM_003389596.2	Aque
ALG13-203	34	411	Cgig_G28279.8	Cgig
ALG13-203	1	819	Emue_Em0022g380a.t1	Emue
ALG13-203	238	1263	Gasp_gasp1.m3.28705.m1	Gasp
ALG13-203	209	1246	Gfas_gfas1.m1.2954.m1	Gfas
ALG13-203	262	648	Hsal_ENA_GHBP01005397_GHBP01005397.1	Hsal
ALG13-203	68	466	Kiwa_ENA_GBGI01004123_GBGI01004123.1	Kiwa
ALG13-203	64	1122	Mcap_adi2mcaRNA32255_R0	Mcap
ALG13-203	70	447	Msqu_ENA_GHBR01003844_GHBR01003844.1	Msqu
ALG13-203	246	1265	Nvec_XM_001636496.2	Nvec
ALG13-203	767	390	Pbac_AVPN01020935.1	Pbac
ALG13-203	103	393	Pdam_Pocillopora_damicornis_11413	Pdam
ALG13-203	20	406	Plut_plut2.m8.2338.m1	Plut
ALG13-203	13	399	Prus_31704_t	Prus
ALG13-203	240	1244	Pver_TRINITY_DN2177_c0_g1_i2	Pver
ALG13-203	85	1089	Spis_Stylophora_pistillata_1935	Spis
ATXN3-254	22	852	Adig_Acropora_digitifera_7036	Adig
ATXN3-254	22	534	Ahya_Acropora_hyacinthus_2510	Ahya
ATXN3-254	1	615	Amil_Acropora_millepora_17614	Amil
ATXN3-254	13	633	Apal_XM_021057908.2	Apal
ATXN3-254	1	708	Apoc_chromosome_14.5654_1	Apoc
ATXN3-254	21	719	Aque_XM_011412198.2	Aque
ATXN3-254	1	1065	Cgig_G11724.8	Cgig
ATXN3-254	1	549	Emue_Em0018g535a.t1	Emue
ATXN3-254	73	981	Gasp_gasp1.m3.13221.m1	Gasp
ATXN3-254	12	710	Gfas_gfas1.m1.14408.m1	Gfas
ATXN3-254	1	879	Mcap_g22994	Mcap
ATXN3-254	123	872	Nvec_XM_032364304.1	Nvec
ATXN3-254	7381	7788	Pbac_AVPN01003760.1	Pbac
ATXN3-254	41	739	Plut_plut2.m8.14287.m1	Plut
ATXN3-254	1	702	Prus_13683_t	Prus
ATXN3-254	12	788	Pver_TRINITY_DN7216_c0_g1_i5	Pver
ATXN3L-201	22	759	Adig_Acropora_digitifera_7036	Adig
ATXN3L-201	22	534	Ahya_Acropora_hyacinthus_2510	Ahya
ATXN3L-201	1	597	Amil_Acropora_millepora_17614	Amil
ATXN3L-201	13	615	Apal_XM_021057908.2	Apal
ATXN3L-201	1	717	Apoc_chromosome_14.5654_1	Apoc
ATXN3L-201	21	575	Aque_XM_011412198.2	Aque
ATXN3L-201	1	720	Cgig_G11724.8	Cgig
ATXN3L-201	1	552	Emue_Em0018g535a.t1	Emue
ATXN3L-201	73	915	Gasp_gasp1.m3.13221.m1	Gasp
ATXN3L-201	12	719	Gfas_gfas1.m1.14408.m1	Gfas
ATXN3L-201	1	738	Mcap_g22994	Mcap
ATXN3L-201	265	396	Msqu_ENA_GHBR01005824_GHBR01005824.1	Msqu
ATXN3L-201	123	1118	Nvec_XM_032364304.1	Nvec
ATXN3L-201	6870	7223	Pbac_AVPN01003760.1	Pbac
ATXN3L-201	41	607	Plut_plut2.m8.14287.m1	Plut
ATXN3L-201	1	567	Prus_13683_t	Prus
ATXN3L-201	12	617	Pver_TRINITY_DN7216_c0_g1_i5	Pver
BAP1-202	4	750	Adig_Acropora_digitifera_13387	Adig
BAP1-202	10	612	Ahya_Acropora_hyacinthus_4346	Ahya
BAP1-202	1	717	Amil_Acropora_millepora_9844	Amil
BAP1-202	1	804	Apal_XM_021053145.2	Apal
BAP1-202	28	774	Apoc_chromosome_13.2967_1	Apoc
BAP1-202	56	793	Aque_XM_003387028.3	Aque
BAP1-202	1	840	Cgig_G30761.1	Cgig
BAP1-202	49	810	Emue_Em0088g3a.t1	Emue
BAP1-202	37	870	Gasp_gasp1.m3.18744.m1	Gasp
BAP1-202	27	761	Gfas_gfas1.m1.5417.m1	Gfas
BAP1-202	162	809	Kiwa_ENA_GBGI01003842_GBGI01003842.1	Kiwa
BAP1-202	19	774	Mcap_g35318	Mcap
BAP1-202	34	717	Msqu_ENA_GHBR01003174_GHBR01003174.1	Msqu
BAP1-202	8	763	Nvec_XM_001629843.2	Nvec
BAP1-202	443	1222	Pbac_AVPN01002589.1	Pbac
BAP1-202	85	687	Pdam_Pocillopora_damicornis_569	Pdam
BAP1-202	231	983	Plut_plut2.m8.10758.m1	Plut
BAP1-202	19	711	Prus_15174_t	Prus
BAP1-202	29	784	Pver_TRINITY_DN10911_c0_g1_i2	Pver
BAP1-202	16	348	Spis_Stylophora_pistillata_14232	Spis
BRCC3-201	49	738	Adig_Acropora_digitifera_14512	Adig
BRCC3-201	13	255	Ahya_Acropora_hyacinthus_8106	Ahya
BRCC3-201	127	813	Amil_Acropora_millepora_18185	Amil
BRCC3-201	33	464	Apal_XM_021039106.2	Apal
BRCC3-201	22	711	Apoc_chromosome_7.603_1	Apoc
BRCC3-201	46	714	Aque_XM_020002492.1	Aque
BRCC3-201	19	714	Cgig_G15721.9	Cgig
BRCC3-201	1	621	Emue_Em0021g868a.t1	Emue
BRCC3-201	30	701	Gasp_gasp1.m3.26862.m1	Gasp
BRCC3-201	185	874	Gfas_gfas1.m1.23199.m1	Gfas
BRCC3-201	227	628	Hsal_ENA_GHBP01006986_GHBP01006986.1	Hsal
BRCC3-201	64	753	Mcap_g39417	Mcap
BRCC3-201	122	520	Msqu_ENA_GHBR01002340_GHBR01002340.1	Msqu
BRCC3-201	64	750	Nvec_XM_001627257.2	Nvec
BRCC3-201	31993	31799	Pbac_AVPN01000471.1	Pbac
BRCC3-201	46	735	Pdam_Pocillopora_damicornis_2342	Pdam
BRCC3-201	36	725	Plut_plut2.m8.17147.m1	Plut
BRCC3-201	181	624	Prus_10315_t	Prus
BRCC3-201	41	730	Pver_TRINITY_DN1118_c1_g2_i3	Pver
BRCC3-201	25	642	Spis_Stylophora_pistillata_19743	Spis
COPS5-201	100	684	Adig_Acropora_digitifera_12276	Adig
COPS5-201	100	348	Ahya_Acropora_hyacinthus_9591	Ahya
COPS5-201	28	1020	Amil_Acropora_millepora_17752	Amil
COPS5-201	46	1023	Apal_XM_021059148.2	Apal
COPS5-201	1	993	Apoc_chromosome_4.1539_1	Apoc
COPS5-201	24	1001	Aque_XM_003384641.3	Aque
COPS5-201	1	1002	Cgig_G825.2	Cgig
COPS5-201	10	1002	Emue_Em0012g383a.t1	Emue
COPS5-201	52	948	Gasp_gasp1.m3.9885.m1	Gasp
COPS5-201	85	936	Gfas_gfas1.m1.2808.m1	Gfas
COPS5-201	230	616	Hsal_ENA_GHBP01006986_GHBP01006986.1	Hsal
COPS5-201	1033	644	Kiwa_ENA_GBGI01003186_GBGI01003186.1	Kiwa
COPS5-201	1	993	Mcap_g34497	Mcap
COPS5-201	125	838	Msqu_ENA_GHBR01002340_GHBR01002340.1	Msqu
COPS5-201	125	1108	Nvec_XM_001636575.2	Nvec
COPS5-201	210	1097	Pbac_AVPN01010255.1	Pbac
COPS5-201	64	969	Pdam_Pocillopora_damicornis_535	Pdam
COPS5-201	59	832	Plut_plut2.m8.5062.m1	Plut
COPS5-201	1	918	Prus_10315_t	Prus
COPS5-201	55	1047	Pver_TRINITY_DN61668_c0_g1_i1	Pver
COPS5-201	22	378	Spis_Stylophora_pistillata_19743	Spis
COPS6-201	103	960	Adig_Acropora_digitifera_15418	Adig
COPS6-201	16	759	Ahya_Acropora_hyacinthus_4409	Ahya
COPS6-201	118	975	Amil_Acropora_millepora_21071	Amil
COPS6-201	124	1023	Apal_XM_021048006.2	Apal
COPS6-201	112	969	Apoc_chromosome_7.612_1	Apoc
COPS6-201	53	913	Aque_XM_003383749.2	Aque
COPS6-201	13	936	Cgig_G14330.2	Cgig
COPS6-201	4	942	Emue_Em0021g887a.t1	Emue
COPS6-201	106	957	Gasp_gasp1.m3.1724.m1	Gasp
COPS6-201	111	905	Gfas_gfas1.m1.14545.m1	Gfas
COPS6-201	27	347	Hsal_ENA_GHBP01022365_GHBP01022365.1	Hsal
COPS6-201	1060	635	Kiwa_ENA_GBGI01022153_GBGI01022153.1	Kiwa
COPS6-201	97	954	Mcap_g39434	Mcap
COPS6-201	143	541	Msqu_ENA_GHBR01005158_GHBR01005158.1	Msqu
COPS6-201	65	982	Nvec_XM_001627427.2	Nvec
COPS6-201	103	960	Pdam_Pocillopora_damicornis_20146	Pdam
COPS6-201	168	1025	Plut_plut2.m8.17164.m1	Plut
COPS6-201	6	644	Prus_13510_t	Prus
COPS6-201	105	962	Pver_TRINITY_DN6115_c0_g1_i4	Pver
COPS6-201	28	837	Spis_Stylophora_pistillata_517	Spis
EIF3F-209	37	858	Adig_Acropora_digitifera_15173	Adig
EIF3F-209	28	774	Ahya_Acropora_hyacinthus_4409	Ahya
EIF3F-209	31	852	Amil_Acropora_millepora_5761	Amil
EIF3F-209	106	927	Apal_XM_021037408.2	Apal
EIF3F-209	211	1044	Apoc_chromosome_1.75_1	Apoc
EIF3F-209	107	919	Aque_XM_003383749.2	Aque
EIF3F-209	7	828	Cgig_G24594.7	Cgig
EIF3F-209	70	873	Emue_Em0021g887a.t1	Emue
EIF3F-209	106	891	Gasp_gasp1.m3.1724.m1	Gasp
EIF3F-209	109	930	Gfas_gfas1.m1.15493.m1	Gfas
EIF3F-209	42	368	Hsal_ENA_GHBP01022365_GHBP01022365.1	Hsal
EIF3F-209	1015	230	Kiwa_ENA_GBGI01022153_GBGI01022153.1	Kiwa
EIF3F-209	25	822	Mcap_g65057	Mcap
EIF3F-209	146	538	Msqu_ENA_GHBR01005158_GHBR01005158.1	Msqu
EIF3F-209	125	934	Nvec_XM_001637789.2	Nvec
EIF3F-209	29410	29048	Pbac_AVPN01000674.1	Pbac
EIF3F-209	28	501	Pdam_Pocillopora_damicornis_19829	Pdam
EIF3F-209	106	939	Plut_plut2.m8.17287.m1	Plut
EIF3F-209	31	987	Prus_2747_t	Prus
EIF3F-209	94	927	Pver_TRINITY_DN726_c0_g4_i1	Pver
EIF3F-209	19	852	Spis_Stylophora_pistillata_517	Spis
EIF3H-209	88	1011	Adig_Acropora_digitifera_1018	Adig
EIF3H-209	85	1008	Ahya_Acropora_hyacinthus_3847	Ahya
EIF3H-209	1	726	Amil_Acropora_millepora_800	Amil
EIF3H-209	46	987	Apal_XM_021061383.2	Apal
EIF3H-209	61	1008	Apoc_chromosome_4.2469_1	Apoc
EIF3H-209	82	1026	Aque_XM_003383466.3	Aque
EIF3H-209	34	978	Cgig_G2442.8	Cgig
EIF3H-209	31	987	Emue_Em0023g123a.t1	Emue
EIF3H-209	71	1015	Gasp_gasp1.m3.15038.m1	Gasp
EIF3H-209	1	918	Gfas_gfas1.m1.1918.m1	Gfas
EIF3H-209	174	692	Hsal_ENA_GHBP01006593_GHBP01006593.1	Hsal
EIF3H-209	46	699	Kiwa_ENA_GBGI01017950_GBGI01017950.1	Kiwa
EIF3H-209	67	1017	Mcap_g35095	Mcap
EIF3H-209	173	586	Msqu_ENA_GHBR01004104_GHBR01004104.1	Msqu
EIF3H-209	104	1039	Nvec_XM_001631443.2	Nvec
EIF3H-209	1	369	Pdam_Pocillopora_damicornis_18524	Pdam
EIF3H-209	130	1074	Plut_plut2.m8.11832.m1	Plut
EIF3H-209	73	1068	Prus_35677_t	Prus
EIF3H-209	173	1036	Pver_TRINITY_DN61476_c0_g1_i1	Pver
EIF3H-209	1	459	Spis_Stylophora_pistillata_2680	Spis
JOSD1-210	31	450	Adig_Acropora_digitifera_7036	Adig
JOSD1-210	31	450	Ahya_Acropora_hyacinthus_2510	Ahya
JOSD1-210	100	555	Amil_Acropora_millepora_17974	Amil
JOSD1-210	146	601	Apal_XM_021044997.2	Apal
JOSD1-210	13	468	Apoc_chromosome_5.1269_1	Apoc
JOSD1-210	25	483	Cgig_G3496.3	Cgig
JOSD1-210	10	456	Emue_Em0018g535a.t1	Emue
JOSD1-210	15	470	Gasp_gasp1.m3.3590.m1	Gasp
JOSD1-210	41	511	Gfas_gfas1.m1.17150.m1	Gfas
JOSD1-210	168	368	Hsal_ENA_GHBP01017226_GHBP01017226.1	Hsal
JOSD1-210	4	459	Mcap_g51106	Mcap
JOSD1-210	244	510	Msqu_ENA_GHBR01005824_GHBR01005824.1	Msqu
JOSD1-210	342	788	Nvec_XM_001630082.2	Nvec
JOSD1-210	50	502	Plut_plut2.m8.14287.m1	Plut
JOSD1-210	10	462	Prus_13683_t	Prus
JOSD1-210	12	479	Pver_TRINITY_DN18455_c0_g1_i1	Pver
JOSD2-204	103	558	Amil_Acropora_millepora_17974	Amil
JOSD2-204	158	619	Apal_XM_021044997.2	Apal
JOSD2-204	16	468	Apoc_chromosome_5.1269_1	Apoc
JOSD2-204	25	549	Cgig_G3496.3	Cgig
JOSD2-204	7	435	Emue_Em0018g535a.t1	Emue
JOSD2-204	18	476	Gasp_gasp1.m3.3590.m1	Gasp
JOSD2-204	44	499	Gfas_gfas1.m1.17150.m1	Gfas
JOSD2-204	168	422	Hsal_ENA_GHBP01017226_GHBP01017226.1	Hsal
JOSD2-204	7	462	Mcap_g51106	Mcap
JOSD2-204	241	477	Msqu_ENA_GHBR01005824_GHBR01005824.1	Msqu
JOSD2-204	342	800	Nvec_XM_001630082.2	Nvec
JOSD2-204	139	594	Plut_plut2.m8.13206.m1	Plut
JOSD2-204	7	462	Prus_31428_t	Prus
JOSD2-204	27	482	Pver_TRINITY_DN18455_c0_g1_i1	Pver
MPND-207	934	1749	Adig_Acropora_digitifera_3043	Adig
MPND-207	34	249	Ahya_Acropora_hyacinthus_11729	Ahya
MPND-207	1021	1836	Amil_Acropora_millepora_4672	Amil
MPND-207	1052	1852	Apal_XM_021040807.2	Apal
MPND-207	970	1758	Apoc_chromosome_1.779_1	Apoc
MPND-207	64	1227	Aque_XM_019998732.1	Aque
MPND-207	1876	2610	Cgig_G215.2	Cgig
MPND-207	16	1152	Emue_Em0012g1067a.t1	Emue
MPND-207	1058	1897	Gasp_gasp1.m3.12168.m1	Gasp
MPND-207	1999	2607	Gfas_gfas1.m1.20011.m1	Gfas
MPND-207	352	888	Hsal_ENA_GHBP01002568_GHBP01002568.1	Hsal
MPND-207	883	1704	Mcap_g18298	Mcap
MPND-207	1168	1986	Nvec_XM_032386715.1	Nvec
MPND-207	1422	1150	Pbac_AVPN01002152.1	Pbac
MPND-207	589	1311	Pdam_Pocillopora_damicornis_4589	Pdam
MPND-207	1076	1786	Plut_plut2.m8.17748.m1	Plut
MPND-207	1945	2595	Prus_33893_t	Prus
MPND-207	1033	1833	Pver_TRINITY_DN15255_c0_g2_i1	Pver
MPND-207	1024	1824	Spis_Stylophora_pistillata_5875	Spis
MYSM1-202	1	1185	Adig_Acropora_digitifera_804	Adig
MYSM1-202	1420	2706	Amil_Acropora_millepora_6251	Amil
MYSM1-202	1459	2760	Apal_XM_028658261.1	Apal
MYSM1-202	757	2034	Apoc_chromosome_3.1845_1	Apoc
MYSM1-202	550	960	Aque_XM_019998732.1	Aque
MYSM1-202	1372	2622	Cgig_G215.2	Cgig
MYSM1-202	520	879	Emue_Em0012g1067a.t1	Emue
MYSM1-202	1573	2694	Gasp_gasp1.m3.4989.m1	Gasp
MYSM1-202	1429	2682	Gfas_gfas1.m1.20011.m1	Gfas
MYSM1-202	965	615	Kiwa_ENA_GBGI01003187_GBGI01003187.1	Kiwa
MYSM1-202	1489	2793	Mcap_g3508	Mcap
MYSM1-202	119	469	Msqu_ENA_GHBR01002340_GHBR01002340.1	Msqu
MYSM1-202	1706	2971	Nvec_XM_032387257.1	Nvec
MYSM1-202	58	678	Pdam_Pocillopora_damicornis_9219	Pdam
MYSM1-202	1267	2544	Plut_plut2.m8.3657.m1	Plut
MYSM1-202	1375	2652	Prus_33893_t	Prus
MYSM1-202	1429	2712	Pver_TRINITY_DN29784_c0_g1_i1	Pver
MYSM1-202	1420	2703	Spis_Stylophora_pistillata_1691	Spis
OTUD1-201	349	777	Adig_Acropora_digitifera_13941	Adig
OTUD1-201	73	315	Ahya_Acropora_hyacinthus_926	Ahya
OTUD1-201	349	777	Amil_Acropora_millepora_9185	Amil
OTUD1-201	146	619	Apal_XM_021041649.2	Apal
OTUD1-201	334	774	Apoc_chromosome_2.774_1	Apoc
OTUD1-201	361	756	Aque_XM_020000749.1	Aque
OTUD1-201	4	456	Cgig_G18975.1	Cgig
OTUD1-201	52	510	Emue_Em0022g380a.t1	Emue
OTUD1-201	244	699	Gasp_gasp1.m3.24410.m1	Gasp
OTUD1-201	440	880	Gfas_gfas1.m1.17974.m1	Gfas
OTUD1-201	342	743	Kiwa_ENA_GBGI01007537_GBGI01007537.1	Kiwa
OTUD1-201	196	708	Mcap_g30242	Mcap
OTUD1-201	405	875	Nvec_XM_032386125.1	Nvec
OTUD1-201	334	648	Prus_8111_t	Prus
OTUD1-201	409	849	Pver_TRINITY_DN1640_c0_g1_i1	Pver
OTUD1-201	97	492	Spis_Stylophora_pistillata_1935	Spis
OTUD3-201	436	855	Adig_Acropora_digitifera_10718	Adig
OTUD3-201	91	315	Ahya_Acropora_hyacinthus_926	Ahya
OTUD3-201	142	852	Amil_Acropora_millepora_6091	Amil
OTUD3-201	247	966	Apal_XM_021058871.2	Apal
OTUD3-201	142	864	Apoc_chromosome_10.871_1	Apoc
OTUD3-201	959	2011	Aque_XM_020004412.1	Aque
OTUD3-201	121	888	Cgig_G23703.1	Cgig
OTUD3-201	37	678	Emue_Em0008g1015a.t1	Emue
OTUD3-201	265	702	Gasp_gasp1.m3.28705.m1	Gasp
OTUD3-201	327	1055	Gfas_gfas1.m1.17790.m1	Gfas
OTUD3-201	142	864	Mcap_g60421	Mcap
OTUD3-201	390	1061	Nvec_XM_001626424.2	Nvec
OTUD3-201	124	354	Pdam_Pocillopora_damicornis_11413	Pdam
OTUD3-201	440	886	Plut_plut2.m8.17716.m1	Plut
OTUD3-201	388	771	Prus_8111_t	Prus
OTUD3-201	391	1119	Pver_TRINITY_DN16713_c0_g2_i1	Pver
OTUD3-201	142	867	Spis_Stylophora_pistillata_2303	Spis
OTUD4-201	82	942	Adig_Acropora_digitifera_11038	Adig
OTUD4-201	64	315	Ahya_Acropora_hyacinthus_926	Ahya
OTUD4-201	82	942	Amil_Acropora_millepora_3567	Amil
OTUD4-201	255	1256	Apal_XM_021046334.2	Apal
OTUD4-201	88	552	Apoc_chromosome_6.777_1	Apoc
OTUD4-201	340	1059	Aque_XM_020000749.1	Aque
OTUD4-201	148	690	Cgig_G24524.2	Cgig
OTUD4-201	55	801	Emue_Em0022g380a.t1	Emue
OTUD4-201	247	711	Gasp_gasp1.m3.28705.m1	Gasp
OTUD4-201	239	1099	Gfas_gfas1.m1.2954.m1	Gfas
OTUD4-201	354	725	Kiwa_ENA_GBGI01007537_GBGI01007537.1	Kiwa
OTUD4-201	85	993	Mcap_adi2mcaRNA32255_R0	Mcap
OTUD4-201	264	1130	Nvec_XM_001636496.2	Nvec
OTUD4-201	127	393	Pdam_Pocillopora_damicornis_11413	Pdam
OTUD4-201	85	363	Plut_jamg1.model.xfSc0002233.1	Plut
OTUD4-201	370	750	Prus_8111_t	Prus
OTUD4-201	243	707	Pver_TRINITY_DN2177_c0_g1_i2	Pver
OTUD4-201	88	942	Spis_Stylophora_pistillata_1935	Spis
OTUD5-202	268	999	Adig_Acropora_digitifera_13941	Adig
OTUD5-202	4	183	Ahya_Acropora_hyacinthus_1091	Ahya
OTUD5-202	268	999	Amil_Acropora_millepora_9185	Amil
OTUD5-202	331	1056	Apal_XM_021051710.2	Apal
OTUD5-202	268	996	Apoc_chromosome_2.774_1	Apoc
OTUD5-202	537	977	Aque_XM_019999947.1	Aque
OTUD5-202	355	1542	Cgig_G28432.1	Cgig
OTUD5-202	370	1242	Emue_Em0001g1170a.t1	Emue
OTUD5-202	661	1389	Gasp_gasp1.m3.27497.m1	Gasp
OTUD5-202	371	1105	Gfas_gfas1.m1.17974.m1	Gfas
OTUD5-202	306	944	Kiwa_ENA_GBGI01007537_GBGI01007537.1	Kiwa
OTUD5-202	175	552	Mcap_g60421	Mcap
OTUD5-202	216	425	Msqu_ENA_GHBR01005635_GHBR01005635.1	Msqu
OTUD5-202	372	1112	Nvec_XM_032386125.1	Nvec
OTUD5-202	931	716	Pbac_AVPN01011248.1	Pbac
OTUD5-202	1	528	Pdam_Pocillopora_damicornis_5326	Pdam
OTUD5-202	326	862	Plut_plut2.m8.17716.m1	Plut
OTUD5-202	265	993	Prus_8111_t	Prus
OTUD5-202	340	1071	Pver_TRINITY_DN1640_c0_g1_i1	Pver
OTUD5-202	1	501	Spis_Stylophora_pistillata_404	Spis
OTUD6A-201	76	867	Adig_Acropora_digitifera_10718	Adig
OTUD6A-201	31	264	Ahya_Acropora_hyacinthus_11571	Ahya
OTUD6A-201	67	858	Amil_Acropora_millepora_5291	Amil
OTUD6A-201	92	880	Apal_XM_021038713.2	Apal
OTUD6A-201	76	867	Apoc_chromosome_14.6837_1	Apoc
OTUD6A-201	156	980	Aque_XM_019999947.1	Aque
OTUD6A-201	25	828	Cgig_G20143.6	Cgig
OTUD6A-201	82	849	Emue_Em0018g1090a.t1	Emue
OTUD6A-201	76	759	Gasp_gasp1.m3.2477.m1	Gasp
OTUD6A-201	89	775	Gfas_gfas1.m1.17936.m1	Gfas
OTUD6A-201	306	740	Kiwa_ENA_GBGI01007537_GBGI01007537.1	Kiwa
OTUD6A-201	76	942	Mcap_g27887	Mcap
OTUD6A-201	304	1083	Nvec_XM_032362564.1	Nvec
OTUD6A-201	13990	13241	Pbac_AVPN01002156.1	Pbac
OTUD6A-201	151	444	Pdam_Pocillopora_damicornis_11413	Pdam
OTUD6A-201	83	865	Plut_plut2.m8.17716.m1	Plut
OTUD6A-201	94	885	Pver_TRINITY_DN21001_c0_g1_i1	Pver
OTUD6A-201	232	657	Spis_Stylophora_pistillata_13060	Spis
OTUD6B-201	43	855	Adig_Acropora_digitifera_10718	Adig
OTUD6B-201	25	303	Ahya_Acropora_hyacinthus_11571	Ahya
OTUD6B-201	34	846	Amil_Acropora_millepora_5291	Amil
OTUD6B-201	59	901	Apal_XM_021038713.2	Apal
OTUD6B-201	43	855	Apoc_chromosome_14.6837_1	Apoc
OTUD6B-201	126	974	Aque_XM_019999947.1	Aque
OTUD6B-201	34	867	Cgig_G20143.9	Cgig
OTUD6B-201	70	867	Emue_Em0018g1090a.t1	Emue
OTUD6B-201	43	768	Gasp_gasp1.m3.2477.m1	Gasp
OTUD6B-201	56	763	Gfas_gfas1.m1.17936.m1	Gfas
OTUD6B-201	303	734	Kiwa_ENA_GBGI01007537_GBGI01007537.1	Kiwa
OTUD6B-201	43	945	Mcap_g27887	Mcap
OTUD6B-201	271	1116	Nvec_XM_032362564.1	Nvec
OTUD6B-201	14020	13241	Pbac_AVPN01002156.1	Pbac
OTUD6B-201	50	880	Plut_plut2.m8.17716.m1	Plut
OTUD6B-201	61	891	Pver_TRINITY_DN21001_c0_g1_i1	Pver
OTUD6B-201	151	579	Spis_Stylophora_pistillata_2303	Spis
OTUD7A-201	166	948	Adig_Acropora_digitifera_11503	Adig
OTUD7A-201	22	447	Ahya_Acropora_hyacinthus_6883	Ahya
OTUD7A-201	1	1458	Amil_Acropora_millepora_7688	Amil
OTUD7A-201	198	1097	Apal_XM_021041437.2	Apal
OTUD7A-201	1	1434	Apoc_chromosome_13.549_1	Apoc
OTUD7A-201	23	1390	Aque_XM_019997593.1	Aque
OTUD7A-201	1036	2073	Cgig_G34656.1	Cgig
OTUD7A-201	52	1134	Emue_Em0009g643a.t1	Emue
OTUD7A-201	10	1041	Gasp_gasp1.m3.14681.m1	Gasp
OTUD7A-201	1	780	Gfas_gfas1.m1.14652.m1	Gfas
OTUD7A-201	157	933	Mcap_g64594	Mcap
OTUD7A-201	112	1521	Nvec_XM_032370325.1	Nvec
OTUD7A-201	22098	21919	Pbac_AVPN01001418.1	Pbac
OTUD7A-201	181	777	Pdam_Pocillopora_damicornis_22935	Pdam
OTUD7A-201	95	832	Plut_plut2.m8.2973.m1	Plut
OTUD7A-201	1	729	Prus_Prusg1057.t1	Prus
OTUD7A-201	53	808	Pver_TRINITY_DN7854_c0_g1_i1	Pver
OTUD7A-201	154	936	Spis_Stylophora_pistillata_2992	Spis
OTUD7B-202	10	867	Adig_Acropora_digitifera_3333	Adig
OTUD7B-202	22	519	Ahya_Acropora_hyacinthus_6883	Ahya
OTUD7B-202	1	792	Amil_Acropora_millepora_7688	Amil
OTUD7B-202	61	768	Apal_XM_021049253.2	Apal
OTUD7B-202	157	933	Apoc_chromosome_10.1975_1	Apoc
OTUD7B-202	278	1270	Aque_XM_011411791.2	Aque
OTUD7B-202	1036	2496	Cgig_G34656.1	Cgig
OTUD7B-202	1204	1986	Emue_Em0013g14a.t1	Emue
OTUD7B-202	10	1194	Gasp_gasp1.m3.14681.m1	Gasp
OTUD7B-202	160	939	Gfas_gfas1.m1.18901.m1	Gfas
OTUD7B-202	160	933	Mcap_g64594	Mcap
OTUD7B-202	112	1518	Nvec_XM_032370325.1	Nvec
OTUD7B-202	4968	5204	Pbac_AVPN01003297.1	Pbac
OTUD7B-202	142	777	Pdam_Pocillopora_damicornis_22935	Pdam
OTUD7B-202	95	1609	Plut_plut2.m8.2973.m1	Plut
OTUD7B-202	1	1506	Prus_Prusg1057.t1	Prus
OTUD7B-202	53	1579	Pver_TRINITY_DN7854_c0_g1_i1	Pver
OTUD7B-202	157	936	Spis_Stylophora_pistillata_2992	Spis
PAN2-201	40	693	Adig_Acropora_digitifera_8110	Adig
PAN2-201	37	390	Ahya_Acropora_hyacinthus_7829	Ahya
PAN2-201	94	2922	Amil_Acropora_millepora_4772	Amil
PAN2-201	448	3015	Apal_XM_021058213.2	Apal
PAN2-201	208	1731	Apoc_chromosome_12.1347_1	Apoc
PAN2-201	2263	3930	Cgig_G32450.1	Cgig
PAN2-201	70	3201	Emue_Em0019g988a.t1	Emue
PAN2-201	19	3114	Gasp_gasp1.m3.688.m1	Gasp
PAN2-201	2	2659	Gfas_gfas1.m1.3655.m1	Gfas
PAN2-201	1	2685	Mcap_g55097	Mcap
PAN2-201	3	278	Msqu_ENA_GHBR01008627_GHBR01008627.1	Msqu
PAN2-201	137	3445	Nvec_XM_032364621.1	Nvec
PAN2-201	195091	195456	Pbac_AVPN01000006.1	Pbac
PAN2-201	82	1077	Pdam_Pocillopora_damicornis_5401	Pdam
PAN2-201	23	2935	Plut_plut2.m8.22836.m1	Plut
PAN2-201	164	3430	Pver_TRINITY_DN10224_c0_g1_i7	Pver
PAN2-201	91	3399	Spis_Stylophora_pistillata_13337	Spis
PRPF8-201	19	6975	Adig_Acropora_digitifera_2932	Adig
PRPF8-201	37	915	Ahya_Acropora_hyacinthus_5234	Ahya
PRPF8-201	19	6456	Amil_Acropora_millepora_734	Amil
PRPF8-201	37	6768	Apal_XM_021061474.2	Apal
PRPF8-201	19	6975	Apoc_chromosome_4.627_1	Apoc
PRPF8-201	144	7103	Aque_XM_003387081.2	Aque
PRPF8-201	130	7086	Cgig_G20152.3	Cgig
PRPF8-201	1	6828	Emue_Em0015g1248a.t1	Emue
PRPF8-201	206	4768	Gasp_gasp1.m3.17960.m1	Gasp
PRPF8-201	148	7005	Gfas_gfas1.m1.14768.m1	Gfas
PRPF8-201	44	1654	Hsal_ENA_GHBP01000605_GHBP01000605.1	Hsal
PRPF8-201	68	6637	Kiwa_ENA_GBGI01010839_GBGI01010839.1	Kiwa
PRPF8-201	19	6975	Mcap_g56265	Mcap
PRPF8-201	1	1992	Msqu_ENA_GHBR01000090_GHBR01000090.1	Msqu
PRPF8-201	174	7103	Nvec_XM_001633937.2	Nvec
PRPF8-201	36244	35024	Pbac_AVPN01000386.1	Pbac
PRPF8-201	7	1035	Pdam_Pocillopora_damicornis_6776	Pdam
PRPF8-201	135	7091	Plut_plut2.m8.2815.m1	Plut
PRPF8-201	19	6258	Prus_11035_t	Prus
PRPF8-201	150	7100	Pver_TRINITY_DN5548_c0_g1_i1	Pver
PSMD14-201	61	930	Adig_Acropora_digitifera_12276	Adig
PSMD14-201	88	546	Ahya_Acropora_hyacinthus_3847	Ahya
PSMD14-201	61	936	Amil_Acropora_millepora_20586	Amil
PSMD14-201	144	872	Apal_XM_028657525.1	Apal
PSMD14-201	61	930	Apoc_chromosome_8.2489_1	Apoc
PSMD14-201	100	966	Aque_XM_003384767.3	Aque
PSMD14-201	61	933	Cgig_G9078.1	Cgig
PSMD14-201	1	693	Emue_Em0005g802a.t1	Emue
PSMD14-201	14	883	Gasp_gasp1.m3.5531.m1	Gasp
PSMD14-201	123	992	Gfas_gfas1.m1.15036.m1	Gfas
PSMD14-201	209	691	Hsal_ENA_GHBP01006986_GHBP01006986.1	Hsal
PSMD14-201	986	132	Kiwa_ENA_GBGI01003187_GBGI01003187.1	Kiwa
PSMD14-201	1321	2190	Mcap_g66953	Mcap
PSMD14-201	86	838	Msqu_ENA_GHBR01002340_GHBR01002340.1	Msqu
PSMD14-201	164	1033	Nvec_XM_001638294.2	Nvec
PSMD14-201	324	962	Pbac_AVPN01010255.1	Pbac
PSMD14-201	61	834	Pdam_Pocillopora_damicornis_9109	Pdam
PSMD14-201	127	996	Plut_plut2.m8.25376.m1	Plut
PSMD14-201	157	900	Prus_10315_t	Prus
PSMD14-201	128	997	Pver_TRINITY_DN4185_c0_g2_i2	Pver
PSMD14-201	13	447	Spis_Stylophora_pistillata_19743	Spis
PSMD7-201	16	867	Adig_Acropora_digitifera_15173	Adig
PSMD7-201	1	783	Ahya_Acropora_hyacinthus_4409	Ahya
PSMD7-201	10	861	Amil_Acropora_millepora_5761	Amil
PSMD7-201	142	936	Apal_XM_021037408.2	Apal
PSMD7-201	202	1053	Apoc_chromosome_1.75_1	Apoc
PSMD7-201	135	926	Aque_XM_003383655.3	Aque
PSMD7-201	70	864	Cgig_G21355.5	Cgig
PSMD7-201	106	882	Emue_Em0021g887a.t1	Emue
PSMD7-201	136	900	Gasp_gasp1.m3.1724.m1	Gasp
PSMD7-201	145	939	Gfas_gfas1.m1.15493.m1	Gfas
PSMD7-201	6	482	Hsal_ENA_GHBP01007318_GHBP01007318.1	Hsal
PSMD7-201	940	230	Kiwa_ENA_GBGI01022153_GBGI01022153.1	Kiwa
PSMD7-201	10	843	Mcap_adi2mcaRNA7128_R0	Mcap
PSMD7-201	2	418	Msqu_ENA_GHBR01005402_GHBR01005402.1	Msqu
PSMD7-201	140	922	Nvec_XM_001627427.2	Nvec
PSMD7-201	186	824	Pbac_AVPN01019011.1	Pbac
PSMD7-201	139	873	Pdam_Pocillopora_damicornis_11775	Pdam
PSMD7-201	97	948	Plut_plut2.m8.17287.m1	Plut
PSMD7-201	10	996	Prus_2747_t	Prus
PSMD7-201	142	936	Pver_TRINITY_DN726_c0_g4_i1	Pver
PSMD7-201	67	861	Spis_Stylophora_pistillata_517	Spis
STAMBPL1-203	40	1263	Adig_Acropora_digitifera_7308	Adig
STAMBPL1-203	52	1272	Amil_Acropora_millepora_8429	Amil
STAMBPL1-203	27	1304	Apal_XM_021057690.2	Apal
STAMBPL1-203	19	1287	Apoc_chromosome_14.637_1	Apoc
STAMBPL1-203	1054	1440	Aque_XM_020002313.1	Aque
STAMBPL1-203	1	414	Cgig_G3208.1	Cgig
STAMBPL1-203	892	1458	Emue_Em0011g818a.t1	Emue
STAMBPL1-203	685	1209	Gasp_gasp1.m3.26159.m1	Gasp
STAMBPL1-203	101	1261	Gfas_gfas1.m1.15750.m1	Gfas
STAMBPL1-203	47	325	Hsal_ENA_GHBP01023193_GHBP01023193.1	Hsal
STAMBPL1-203	2165	1665	Kiwa_ENA_GBGI01014951_GBGI01014951.1	Kiwa
STAMBPL1-203	1	1263	Mcap_g51036	Mcap
STAMBPL1-203	2	457	Msqu_ENA_GHBR01006526_GHBR01006526.1	Msqu
STAMBPL1-203	73	1344	Nvec_XM_032386979.1	Nvec
STAMBPL1-203	14374	14249	Pbac_AVPN01000532.1	Pbac
STAMBPL1-203	250	825	Pdam_Pocillopora_damicornis_24116	Pdam
STAMBPL1-203	33	1304	Plut_plut2.m8.4454.m1	Plut
STAMBPL1-203	19	1290	Prus_32242_t	Prus
STAMBPL1-203	327	1421	Pver_TRINITY_DN6798_c0_g2_i2	Pver
STAMBPL1-203	13	345	Spis_Stylophora_pistillata_1617	Spis
UCHL1-201	16	672	Adig_Acropora_digitifera_13355	Adig
UCHL1-201	16	672	Ahya_Acropora_hyacinthus_4346	Ahya
UCHL1-201	1	420	Amil_Acropora_millepora_3344	Amil
UCHL1-201	100	759	Apal_XM_021056072.2	Apal
UCHL1-201	16	684	Apoc_chromosome_6.261_1	Apoc
UCHL1-201	74	739	Aque_XM_003386890.3	Aque
UCHL1-201	178	639	Cgig_G30761.3	Cgig
UCHL1-201	37	675	Emue_Em0022g225a.t1	Emue
UCHL1-201	13	594	Gasp_gasp1.m3.27087.m1	Gasp
UCHL1-201	16	528	Gfas_gfas1.m1.15894.m1	Gfas
UCHL1-201	168	821	Kiwa_ENA_GBGI01003842_GBGI01003842.1	Kiwa
UCHL1-201	1	642	Mcap_g8352	Mcap
UCHL1-201	211	705	Msqu_ENA_GHBR01003174_GHBR01003174.1	Msqu
UCHL1-201	119	784	Nvec_XM_032381598.1	Nvec
UCHL1-201	46745	47383	Pbac_AVPN01000309.1	Pbac
UCHL1-201	91	756	Pdam_Pocillopora_damicornis_569	Pdam
UCHL1-201	40	597	Plut_plut2.m8.11930.m1	Plut
UCHL1-201	298	657	Prus_31617_t	Prus
UCHL1-201	84	749	Pver_TRINITY_DN2812_c0_g2_i1	Pver
UCHL3-201	4	651	Adig_Acropora_digitifera_13387	Adig
UCHL3-201	7	678	Ahya_Acropora_hyacinthus_4346	Ahya
UCHL3-201	1	426	Amil_Acropora_millepora_3344	Amil
UCHL3-201	105	761	Apal_XM_021041806.1	Apal
UCHL3-201	19	684	Apoc_chromosome_13.2967_1	Apoc
UCHL3-201	41	703	Aque_XM_003387028.3	Aque
UCHL3-201	13	582	Cgig_G30761.1	Cgig
UCHL3-201	28	681	Emue_Em0022g225a.t1	Emue
UCHL3-201	28	786	Gasp_gasp1.m3.18744.m1	Gasp
UCHL3-201	8	679	Gfas_gfas1.m1.10247.m1	Gfas
UCHL3-201	2	406	Hsal_ENA_GHBP01009248_GHBP01009248.1	Hsal
UCHL3-201	162	779	Kiwa_ENA_GBGI01003842_GBGI01003842.1	Kiwa
UCHL3-201	10	675	Mcap_g35318	Mcap
UCHL3-201	34	705	Msqu_ENA_GHBR01003174_GHBR01003174.1	Msqu
UCHL3-201	8	655	Nvec_XM_001629843.2	Nvec
UCHL3-201	46736	47386	Pbac_AVPN01000309.1	Pbac
UCHL3-201	82	750	Pdam_Pocillopora_damicornis_569	Pdam
UCHL3-201	40	597	Plut_plut2.m8.11930.m1	Plut
UCHL3-201	10	633	Prus_15174_t	Prus
UCHL3-201	20	685	Pver_TRINITY_DN10911_c0_g1_i2	Pver
Uchl4-201	4	651	Adig_Acropora_digitifera_13387	Adig
Uchl4-201	7	678	Ahya_Acropora_hyacinthus_4346	Ahya
Uchl4-201	1	426	Amil_Acropora_millepora_3344	Amil
Uchl4-201	105	761	Apal_XM_021041806.1	Apal
Uchl4-201	19	684	Apoc_chromosome_13.2967_1	Apoc
Uchl4-201	41	703	Aque_XM_003387028.3	Aque
Uchl4-201	13	582	Cgig_G30761.1	Cgig
Uchl4-201	28	681	Emue_Em0022g225a.t1	Emue
Uchl4-201	28	786	Gasp_gasp1.m3.18744.m1	Gasp
Uchl4-201	18	683	Gfas_gfas1.m1.5417.m1	Gfas
Uchl4-201	162	779	Kiwa_ENA_GBGI01003842_GBGI01003842.1	Kiwa
Uchl4-201	10	675	Mcap_g35318	Mcap
Uchl4-201	34	705	Msqu_ENA_GHBR01003174_GHBR01003174.1	Msqu
Uchl4-201	8	655	Nvec_XM_001629843.2	Nvec
Uchl4-201	46736	47386	Pbac_AVPN01000309.1	Pbac
Uchl4-201	82	750	Pdam_Pocillopora_damicornis_569	Pdam
Uchl4-201	40	597	Plut_plut2.m8.11930.m1	Plut
Uchl4-201	10	633	Prus_15174_t	Prus
Uchl4-201	20	685	Pver_TRINITY_DN10911_c0_g1_i2	Pver
UCHL5-205	1	981	Adig_Acropora_digitifera_13387	Adig
UCHL5-205	10	678	Ahya_Acropora_hyacinthus_4346	Ahya
UCHL5-205	1	675	Amil_Acropora_millepora_9844	Amil
UCHL5-205	105	908	Apal_XM_021041806.1	Apal
UCHL5-205	7	1011	Apoc_chromosome_13.2967_1	Apoc
UCHL5-205	47	1030	Aque_XM_003387028.3	Aque
UCHL5-205	1	906	Cgig_G27716.9	Cgig
UCHL5-205	46	1167	Emue_Em0088g3a.t1	Emue
UCHL5-205	16	1113	Gasp_gasp1.m3.18744.m1	Gasp
UCHL5-205	6	1013	Gfas_gfas1.m1.5417.m1	Gfas
UCHL5-205	162	827	Kiwa_ENA_GBGI01003842_GBGI01003842.1	Kiwa
UCHL5-205	10	1005	Mcap_g35318	Mcap
UCHL5-205	31	702	Msqu_ENA_GHBR01003174_GHBR01003174.1	Msqu
UCHL5-205	2	994	Nvec_XM_001629843.2	Nvec
UCHL5-205	434	1204	Pbac_AVPN01002589.1	Pbac
UCHL5-205	1	726	Pdam_Pocillopora_damicornis_9874	Pdam
UCHL5-205	231	941	Plut_plut2.m8.10758.m1	Plut
UCHL5-205	10	960	Prus_15174_t	Prus
UCHL5-205	8	1015	Pver_TRINITY_DN10911_c0_g1_i2	Pver
UCHL5-205	1	567	Spis_Stylophora_pistillata_4674	Spis
USP1-201	3367	3825	Adig_Acropora_digitifera_11653	Adig
USP1-201	127	507	Ahya_Acropora_hyacinthus_7860	Ahya
USP1-201	1144	1824	Amil_Acropora_millepora_2976	Amil
USP1-201	916	1797	Apal_XM_021047126.2	Apal
USP1-201	3325	3900	Apoc_chromosome_12.3712_1	Apoc
USP1-201	937	1596	Aque_XM_019994351.1	Aque
USP1-201	1270	1797	Cgig_G5506.4	Cgig
USP1-201	784	1335	Emue_Em0020g163a.t1	Emue
USP1-201	1704	2309	Gasp_gasp1.m3.18742.m1	Gasp
USP1-201	1160	1717	Gfas_gfas1.m1.21389.m1	Gfas
USP1-201	394	675	Hsal_ENA_GHBP01002110_GHBP01002110.1	Hsal
USP1-201	384	950	Kiwa_ENA_GBGI01016764_GBGI01016764.1	Kiwa
USP1-201	391	1821	Mcap_g35316	Mcap
USP1-201	980	1513	Nvec_XM_032374497.1	Nvec
USP1-201	4376	3813	Pbac_AVPN01005457.1	Pbac
USP1-201	202	696	Pdam_Pocillopora_damicornis_23851	Pdam
USP1-201	787	1317	Plut_plut2.m8.22737.m1	Plut
USP1-201	208	813	Prus_15170_t	Prus
USP1-201	1434	2534	Pver_TRINITY_DN12711_c0_g1_i4	Pver
USP1-201	754	1293	Spis_Stylophora_pistillata_10897	Spis
USP10-201	1027	2385	Adig_Acropora_digitifera_8633	Adig
USP10-201	4	903	Ahya_Acropora_hyacinthus_4801	Ahya
USP10-201	1027	2385	Amil_Acropora_millepora_7070	Amil
USP10-201	857	2284	Apal_XM_021042109.1	Apal
USP10-201	1117	2484	Apoc_chromosome_14.7248_1	Apoc
USP10-201	1915	3096	Aque_XM_019993912.1	Aque
USP10-201	1147	2658	Cgig_G23316.1	Cgig
USP10-201	1735	2334	Emue_Em0018g1076a.t1	Emue
USP10-201	523	1518	Gasp_gasp1.m3.27133.m1	Gasp
USP10-201	524	1513	Gfas_gfas1.m1.15232.m1	Gfas
USP10-201	944	1369	Hsal_ENA_GHBP01001012_GHBP01001012.1	Hsal
USP10-201	423	1541	Kiwa_ENA_GBGI01016761_GBGI01016761.1	Kiwa
USP10-201	1021	2310	Mcap_g5826	Mcap
USP10-201	2	883	Msqu_ENA_GHBR01000789_GHBR01000789.1	Msqu
USP10-201	755	2272	Nvec_XM_032381631.1	Nvec
USP10-201	14905	13688	Pbac_AVPN01001448.1	Pbac
USP10-201	196	804	Pdam_Pocillopora_damicornis_23851	Pdam
USP10-201	2948	3946	Plut_plut2.m8.28863.m1	Plut
USP10-201	349	849	Prus_28380_t	Prus
USP10-201	725	1681	Pver_TRINITY_DN3697_c0_g1_i2	Pver
USP10-201	310	1266	Spis_Stylophora_pistillata_7852	Spis
USP11-201	124	2739	Adig_Acropora_digitifera_14420	Adig
USP11-201	4	453	Ahya_Acropora_hyacinthus_4856	Ahya
USP11-201	94	2712	Amil_Acropora_millepora_5675	Amil
USP11-201	23	1873	Apal_XM_021049633.2	Apal
USP11-201	91	2775	Apoc_chromosome_6.1145_1	Apoc
USP11-201	154	1980	Aque_XM_019995246.1	Aque
USP11-201	82	2733	Cgig_G29415.1	Cgig
USP11-201	1114	3057	Emue_Em0014g487a.t1	Emue
USP11-201	46	2607	Gasp_gasp1.m3.12329.m1	Gasp
USP11-201	43	2634	Gfas_gfas1.m1.7746.m1	Gfas
USP11-201	944	1372	Hsal_ENA_GHBP01001012_GHBP01001012.1	Hsal
USP11-201	231	1772	Kiwa_ENA_GBGI01009001_GBGI01009001.1	Kiwa
USP11-201	379	2259	Mcap_g43269	Mcap
USP11-201	2	439	Msqu_ENA_GHBR01000789_GHBR01000789.1	Msqu
USP11-201	71	2821	Nvec_XM_032386249.1	Nvec
USP11-201	98739	99392	Pbac_AVPN01000017.1	Pbac
USP11-201	310	837	Pdam_Pocillopora_damicornis_8649	Pdam
USP11-201	424	2694	Plut_plut2.m8.12522.m1	Plut
USP11-201	97	2664	Prus_10594_t	Prus
USP11-201	47	2761	Pver_TRINITY_DN4749_c0_g1_i3	Pver
USP11-201	382	2253	Spis_Stylophora_pistillata_3235	Spis
USP12-201	1	1107	Adig_Acropora_digitifera_13010	Adig
USP12-201	373	1017	Ahya_Acropora_hyacinthus_3993	Ahya
USP12-201	115	1107	Amil_Acropora_millepora_10852	Amil
USP12-201	113	1270	Apal_XM_021054583.2	Apal
USP12-201	1	1101	Apoc_chromosome_6.284_1	Apoc
USP12-201	217	1224	Aque_XM_019995264.1	Aque
USP12-201	439	1473	Cgig_G33211.8	Cgig
USP12-201	112	1473	Emue_Em0020g163a.t1	Emue
USP12-201	523	1521	Gasp_gasp1.m3.27133.m1	Gasp
USP12-201	524	1516	Gfas_gfas1.m1.15232.m1	Gfas
USP12-201	1	681	Hsal_ENA_GHBP01002110_GHBP01002110.1	Hsal
USP12-201	363	1511	Kiwa_ENA_GBGI01016761_GBGI01016761.1	Kiwa
USP12-201	421	1413	Mcap_g62007	Mcap
USP12-201	2	883	Msqu_ENA_GHBR01000789_GHBR01000789.1	Msqu
USP12-201	97	1251	Nvec_XM_001636490.2	Nvec
USP12-201	8819	7836	Pbac_AVPN01003044.1	Pbac
USP12-201	115	780	Pdam_Pocillopora_damicornis_7950	Pdam
USP12-201	526	1488	Plut_plut2.m8.8419.m1	Plut
USP12-201	2188	3147	Prus_12268_t	Prus
USP12-201	88	1188	Pver_TRINITY_DN2529_c0_g3_i1	Pver
USP12-201	850	1908	Spis_Stylophora_pistillata_9970	Spis
USP13-201	22	2421	Adig_Acropora_digitifera_15843	Adig
USP13-201	40	435	Ahya_Acropora_hyacinthus_9525	Ahya
USP13-201	22	2427	Amil_Acropora_millepora_9475	Amil
USP13-201	148	2478	Apal_XM_028660893.1	Apal
USP13-201	13	1464	Apoc_chromosome_10.667_1	Apoc
USP13-201	34	1896	Aque_XM_019997197.1	Aque
USP13-201	4	2385	Cgig_G21085.7	Cgig
USP13-201	10	2394	Emue_Em0008g974a.t1	Emue
USP13-201	124	2463	Gasp_gasp1.m3.16604.m1	Gasp
USP13-201	214	2622	Gfas_gfas1.m1.5880.m1	Gfas
USP13-201	1	972	Hsal_ENA_GHBP01003173_GHBP01003173.1	Hsal
USP13-201	2539	140	Kiwa_ENA_GBGI01004888_GBGI01004888.1	Kiwa
USP13-201	19	2427	Mcap_g10180	Mcap
USP13-201	5	1279	Msqu_ENA_GHBR01000471_GHBR01000471.1	Msqu
USP13-201	128	2506	Nvec_XM_032367455.1	Nvec
USP13-201	96352	95048	Pbac_AVPN01000071.1	Pbac
USP13-201	19	1038	Pdam_Pocillopora_damicornis_8838	Pdam
USP13-201	113	2518	Plut_plut2.m8.9596.m1	Plut
USP13-201	151	2190	Prus_37553_t	Prus
USP13-201	2458	4140	Pver_TRINITY_DN6133_c0_g1_i11	Pver
USP13-201	19	2346	Spis_Stylophora_pistillata_3690	Spis
USP14-201	1	1470	Adig_Acropora_digitifera_6597	Adig
USP14-201	460	903	Ahya_Acropora_hyacinthus_4801	Ahya
USP14-201	31	1506	Amil_Acropora_millepora_16374	Amil
USP14-201	73	1578	Apal_XM_021047780.1	Apal
USP14-201	2164	2742	Apoc_chromosome_6.2591_1	Apoc
USP14-201	82	1569	Aque_XM_019998044.1	Aque
USP14-201	1	1440	Cgig_G981.3	Cgig
USP14-201	2821	4290	Emue_Em0023g67a.t1	Emue
USP14-201	739	1299	Gasp_gasp1.m3.29377.m1	Gasp
USP14-201	719	1387	Gfas_gfas1.m1.13556.m1	Gfas
USP14-201	54	563	Hsal_ENA_GHBP01008667_GHBP01008667.1	Hsal
USP14-201	1668	118	Kiwa_ENA_GBGI01002931_GBGI01002931.1	Kiwa
USP14-201	1	1467	Mcap_g37198	Mcap
USP14-201	80	712	Msqu_ENA_GHBR01003351_GHBR01003351.1	Msqu
USP14-201	133	1491	Nvec_XM_032377714.1	Nvec
USP14-201	25828	25391	Pbac_AVPN01001191.1	Pbac
USP14-201	1	867	Pdam_Pocillopora_damicornis_5035	Pdam
USP14-201	79	1497	Plut_plut2.m8.12207.m1	Plut
USP14-201	1	729	Prus_6501_t	Prus
USP14-201	54	1499	Pver_TRINITY_DN6328_c0_g1_i3	Pver
USP14-201	67	1512	Spis_Stylophora_pistillata_5103	Spis
USP15-201	85	2742	Adig_Acropora_digitifera_14420	Adig
USP15-201	4	453	Ahya_Acropora_hyacinthus_4856	Ahya
USP15-201	55	2715	Amil_Acropora_millepora_5675	Amil
USP15-201	62	2452	Apal_XM_021049633.2	Apal
USP15-201	46	2766	Apoc_chromosome_6.1145_1	Apoc
USP15-201	136	1974	Aque_XM_019995246.1	Aque
USP15-201	1	2721	Cgig_G29415.1	Cgig
USP15-201	73	1959	Emue_Em0014g378a.t1	Emue
USP15-201	103	2607	Gasp_gasp1.m3.12329.m1	Gasp
USP15-201	25	2634	Gfas_gfas1.m1.7746.m1	Gfas
USP15-201	417	893	Hsal_ENA_GHBP01001012_GHBP01001012.1	Hsal
USP15-201	231	1595	Kiwa_ENA_GBGI01008996_GBGI01008996.1	Kiwa
USP15-201	49	1683	Mcap_g64672	Mcap
USP15-201	376	912	Msqu_ENA_GHBR01000822_GHBR01000822.1	Msqu
USP15-201	83	2821	Nvec_XM_032386249.1	Nvec
USP15-201	100469	101170	Pbac_AVPN01000017.1	Pbac
USP15-201	196	837	Pdam_Pocillopora_damicornis_8649	Pdam
USP15-201	433	2688	Plut_plut2.m8.12522.m1	Plut
USP15-201	40	2688	Prus_10594_t	Prus
USP15-201	50	2758	Pver_TRINITY_DN4749_c0_g1_i3	Pver
USP15-201	1906	2979	Spis_Stylophora_pistillata_19996	Spis
USP16-204	1	810	Adig_Acropora_digitifera_14409	Adig
USP16-204	7	450	Ahya_Acropora_hyacinthus_4856	Ahya
USP16-204	1939	2667	Amil_Acropora_millepora_4205	Amil
USP16-204	167	1204	Apal_XM_021054441.2	Apal
USP16-204	97	1128	Apoc_chromosome_10.2697_1	Apoc
USP16-204	817	1686	Aque_XM_019994351.1	Aque
USP16-204	52	1278	Cgig_G17252.3	Cgig
USP16-204	22	621	Emue_Em0023g432a.t1	Emue
USP16-204	85	1119	Gasp_gasp1.m3.10985.m1	Gasp
USP16-204	2597	3319	Gfas_gfas1.m1.14701.m1	Gfas
USP16-204	1025	1369	Hsal_ENA_GHBP01001012_GHBP01001012.1	Hsal
USP16-204	144	596	Kiwa_ENA_GBGI01008994_GBGI01008994.1	Kiwa
USP16-204	175	1206	Mcap_g48824	Mcap
USP16-204	609	1025	Msqu_ENA_GHBR01000162_GHBR01000162.1	Msqu
USP16-204	406	1440	Nvec_XM_032373504.1	Nvec
USP16-204	7889	7257	Pbac_AVPN01000736.1	Pbac
USP16-204	118	576	Pdam_Pocillopora_damicornis_6383	Pdam
USP16-204	67	1173	Plut_plut2.m8.14097.m1	Plut
USP16-204	67	1056	Prus_20725_t	Prus
USP16-204	68	1159	Pver_TRINITY_DN17317_c0_g1_i2	Pver
USP16-204	127	1158	Spis_Stylophora_pistillata_5993	Spis
USP18-201	2905	3936	Adig_Acropora_digitifera_11653	Adig
USP18-201	7	390	Ahya_Acropora_hyacinthus_4856	Ahya
USP18-201	595	1599	Amil_Acropora_millepora_1665	Amil
USP18-201	890	1837	Apal_XM_021045744.2	Apal
USP18-201	3007	4011	Apoc_chromosome_12.3712_1	Apoc
USP18-201	766	1689	Aque_XM_019998185.1	Aque
USP18-201	1	1071	Cgig_G18685.4	Cgig
USP18-201	301	1239	Emue_Em0020g41a.t1	Emue
USP18-201	5925	6899	Gasp_gasp1.m3.19555.m1	Gasp
USP18-201	5917	6942	Gfas_gfas1.m1.17812.m1	Gfas
USP18-201	4	231	Hsal_ENA_GHBP01026042_GHBP01026042.1	Hsal
USP18-201	417	1343	Kiwa_ENA_GBGI01010993_GBGI01010993.1	Kiwa
USP18-201	2914	3918	Mcap_g59640	Mcap
USP18-201	2	883	Msqu_ENA_GHBR01000789_GHBR01000789.1	Msqu
USP18-201	4937	5923	Nvec_XM_032386214.1	Nvec
USP18-201	8822	7830	Pbac_AVPN01003044.1	Pbac
USP18-201	316	828	Pdam_Pocillopora_damicornis_8649	Pdam
USP18-201	787	1902	Plut_plut2.m8.386.m1	Plut
USP18-201	2032	2982	Prus_1042_t	Prus
USP18-201	268	1188	Pver_TRINITY_DN11081_c0_g1_i3	Pver
USP18-201	547	1494	Spis_Stylophora_pistillata_3474	Spis
USP19-205	760	1887	Adig_Acropora_digitifera_15531	Adig
USP19-205	19	456	Ahya_Acropora_hyacinthus_4856	Ahya
USP19-205	1381	2508	Amil_Acropora_millepora_4748	Amil
USP19-205	851	1684	Apal_XM_021049633.2	Apal
USP19-205	1372	2508	Apoc_chromosome_6.1707_1	Apoc
USP19-205	577	2475	Aque_XM_011409247.2	Aque
USP19-205	784	1653	Cgig_G29415.1	Cgig
USP19-205	673	2844	Emue_Em0014g412a.t1	Emue
USP19-205	883	2019	Gasp_gasp1.m3.16116.m1	Gasp
USP19-205	625	2634	Gfas_gfas1.m1.7746.m1	Gfas
USP19-205	998	1375	Hsal_ENA_GHBP01001012_GHBP01001012.1	Hsal
USP19-205	948	1712	Kiwa_ENA_GBGI01009001_GBGI01009001.1	Kiwa
USP19-205	1351	2478	Mcap_g50780	Mcap
USP19-205	328	912	Msqu_ENA_GHBR01000822_GHBR01000822.1	Msqu
USP19-205	899	2821	Nvec_XM_032386249.1	Nvec
USP19-205	7889	6729	Pbac_AVPN01000736.1	Pbac
USP19-205	316	834	Pdam_Pocillopora_damicornis_8649	Pdam
USP19-205	1627	3630	Plut_plut2.m8.1048.m1	Plut
USP19-205	844	2502	Prus_10594_t	Prus
USP19-205	839	2812	Pver_TRINITY_DN4749_c0_g1_i3	Pver
USP19-205	1	1776	Spis_Stylophora_pistillata_6682	Spis
USP2-201	832	1863	Adig_Acropora_digitifera_11439	Adig
USP2-201	373	1026	Ahya_Acropora_hyacinthus_3993	Ahya
USP2-201	832	1863	Amil_Acropora_millepora_9870	Amil
USP2-201	1024	2088	Apal_XM_021048679.2	Apal
USP2-201	862	1920	Apoc_chromosome_7.2759_1	Apoc
USP2-201	1045	2082	Aque_XM_003387053.3	Aque
USP2-201	436	1464	Cgig_G33211.8	Cgig
USP2-201	280	1263	Emue_Em0005g197a.t1	Emue
USP2-201	910	1689	Gasp_gasp1.m3.14129.m1	Gasp
USP2-201	976	1956	Gfas_gfas1.m1.14841.m1	Gfas
USP2-201	3	350	Hsal_ENA_GHBP01017571_GHBP01017571.1	Hsal
USP2-201	930	1508	Kiwa_ENA_GBGI01009002_GBGI01009002.1	Kiwa
USP2-201	625	1653	Mcap_g23813	Mcap
USP2-201	2	874	Msqu_ENA_GHBR01000789_GHBR01000789.1	Msqu
USP2-201	1060	2112	Nvec_XM_001626887.2	Nvec
USP2-201	98742	99836	Pbac_AVPN01000017.1	Pbac
USP2-201	46	714	Pdam_Pocillopora_damicornis_2459	Pdam
USP2-201	998	2131	Plut_plut2.m8.21619.m1	Plut
USP2-201	2026	3033	Prus_1042_t	Prus
USP2-201	1019	2023	Pver_TRINITY_DN54484_c0_g1_i1	Pver
USP2-201	832	1899	Spis_Stylophora_pistillata_9970	Spis
USP20-203	1	903	Adig_Acropora_digitifera_5158	Adig
USP20-203	190	537	Ahya_Acropora_hyacinthus_7860	Ahya
USP20-203	1162	2523	Amil_Acropora_millepora_2976	Amil
USP20-203	1529	2554	Apal_XM_028660674.1	Apal
USP20-203	130	1320	Apoc_chromosome_13.2970_1	Apoc
USP20-203	1003	2301	Aque_XM_019994351.1	Aque
USP20-203	22	2607	Cgig_G27982.3	Cgig
USP20-203	49	693	Emue_Em0016g91a.t1	Emue
USP20-203	1695	3140	Gasp_gasp1.m3.18742.m1	Gasp
USP20-203	34	996	Gfas_gfas1.m1.1381.m1	Gfas
USP20-203	941	1372	Hsal_ENA_GHBP01001012_GHBP01001012.1	Hsal
USP20-203	2286	2762	Kiwa_ENA_GBGI01008996_GBGI01008996.1	Kiwa
USP20-203	10	2520	Mcap_g18287	Mcap
USP20-203	320	892	Msqu_ENA_GHBR01000789_GHBR01000789.1	Msqu
USP20-203	1588	2910	Nvec_XM_032375779.1	Nvec
USP20-203	99270	99866	Pbac_AVPN01000017.1	Pbac
USP20-203	91	780	Pdam_Pocillopora_damicornis_2459	Pdam
USP20-203	1704	2960	Plut_plut2.m8.344.m1	Plut
USP20-203	100	1524	Prus_15170_t	Prus
USP20-203	489	3002	Pver_TRINITY_DN1698_c0_g2_i2	Pver
USP20-203	1267	1902	Spis_Stylophora_pistillata_9970	Spis
USP21-203	844	1863	Adig_Acropora_digitifera_11439	Adig
USP21-203	373	1023	Ahya_Acropora_hyacinthus_3993	Ahya
USP21-203	115	1098	Amil_Acropora_millepora_10852	Amil
USP21-203	1024	2064	Apal_XM_021048679.2	Apal
USP21-203	418	1407	Apoc_chromosome_13.372_1	Apoc
USP21-203	1039	2082	Aque_XM_003387053.3	Aque
USP21-203	697	1779	Cgig_G26538.1	Cgig
USP21-203	220	1134	Emue_Em0009g1245a.t1	Emue
USP21-203	523	1512	Gasp_gasp1.m3.27133.m1	Gasp
USP21-203	524	1507	Gfas_gfas1.m1.15232.m1	Gfas
USP21-203	7	681	Hsal_ENA_GHBP01002110_GHBP01002110.1	Hsal
USP21-203	426	1535	Kiwa_ENA_GBGI01016761_GBGI01016761.1	Kiwa
USP21-203	2839	3936	Mcap_g61041	Mcap
USP21-203	2	874	Msqu_ENA_GHBR01000789_GHBR01000789.1	Msqu
USP21-203	1069	2112	Nvec_XM_001626887.2	Nvec
USP21-203	100499	101605	Pbac_AVPN01000017.1	Pbac
USP21-203	13	741	Pdam_Pocillopora_damicornis_2459	Pdam
USP21-203	1007	2152	Plut_plut2.m8.21619.m1	Plut
USP21-203	2188	3138	Prus_12268_t	Prus
USP21-203	543	1526	Pver_TRINITY_DN7545_c0_g1_i1	Pver
USP21-203	841	1899	Spis_Stylophora_pistillata_9970	Spis
USP22-201	2932	3924	Adig_Acropora_digitifera_11653	Adig
USP22-201	373	1020	Ahya_Acropora_hyacinthus_3993	Ahya
USP22-201	49	1617	Amil_Acropora_millepora_9391	Amil
USP22-201	120	1580	Apal_XM_021058523.2	Apal
USP22-201	124	1416	Apoc_chromosome_13.372_1	Apoc
USP22-201	2859	3854	Aque_XM_003385448.3	Aque
USP22-201	10	1593	Cgig_G1248.1	Cgig
USP22-201	19	1149	Emue_Em0009g1245a.t1	Emue
USP22-201	149	1846	Gasp_gasp1.m3.24194.m1	Gasp
USP22-201	164	1516	Gfas_gfas1.m1.15232.m1	Gfas
USP22-201	166	708	Hsal_ENA_GHBP01006453_GHBP01006453.1	Hsal
USP22-201	429	1544	Kiwa_ENA_GBGI01016761_GBGI01016761.1	Kiwa
USP22-201	10	1578	Mcap_g54982	Mcap
USP22-201	2	877	Msqu_ENA_GHBR01000789_GHBR01000789.1	Msqu
USP22-201	133	1707	Nvec_XM_032384154.1	Nvec
USP22-201	8843	7932	Pbac_AVPN01003044.1	Pbac
USP22-201	46	819	Pdam_Pocillopora_damicornis_7950	Pdam
USP22-201	166	1488	Plut_plut2.m8.8419.m1	Plut
USP22-201	1891	3126	Prus_12268_t	Prus
USP22-201	113	1669	Pver_TRINITY_DN18038_c0_g1_i1	Pver
USP22-201	841	1902	Spis_Stylophora_pistillata_9970	Spis
USP24-201	19	6339	Adig_Acropora_digitifera_10709	Adig
USP24-201	373	1020	Ahya_Acropora_hyacinthus_3993	Ahya
USP24-201	196	7365	Amil_Acropora_millepora_497	Amil
USP24-201	422	7564	Apal_XM_021053855.2	Apal
USP24-201	1708	7566	Apoc_chromosome_7.1714_1	Apoc
USP24-201	676	5310	Aque_XM_020002064.1	Aque
USP24-201	226	7494	Cgig_G2025.4	Cgig
USP24-201	160	5802	Emue_Em0021g557a.t1	Emue
USP24-201	3852	8651	Gasp_gasp1.m3.19555.m1	Gasp
USP24-201	1933	8640	Gfas_gfas1.m1.17812.m1	Gfas
USP24-201	426	1523	Kiwa_ENA_GBGI01016761_GBGI01016761.1	Kiwa
USP24-201	199	7383	Mcap_g22301	Mcap
USP24-201	5	919	Msqu_ENA_GHBR01000789_GHBR01000789.1	Msqu
USP24-201	101	7666	Nvec_XM_032386214.1	Nvec
USP24-201	9566	6348	Pbac_AVPN01003044.1	Pbac
USP24-201	196	750	Pdam_Pocillopora_damicornis_23851	Pdam
USP24-201	92	7687	Plut_plut2.m8.15915.m1	Plut
USP24-201	3049	8082	Prus_20158_t	Prus
USP24-201	420	7631	Pver_TRINITY_DN4865_c0_g1_i1	Pver
USP24-201	1	7650	Spis_Stylophora_pistillata_204	Spis
USP25-204	1	1986	Adig_Acropora_digitifera_12525	Adig
USP25-204	4	360	Ahya_Acropora_hyacinthus_3073	Ahya
USP25-204	1	1986	Amil_Acropora_millepora_5113	Amil
USP25-204	1	1851	Apal_XM_021057806.1	Apal
USP25-204	1	2004	Apoc_chromosome_7.1956_1	Apoc
USP25-204	395	1744	Aque_XM_019997413.1	Aque
USP25-204	1	1440	Cgig_G26429.1	Cgig
USP25-204	643	1392	Emue_Em0005g208a.t1	Emue
USP25-204	55	2007	Gasp_gasp1.m3.17873.m1	Gasp
USP25-204	186	2021	Gfas_gfas1.m1.4609.m1	Gfas
USP25-204	1402	1175	Kiwa_ENA_GBGI01007810_GBGI01007810.1	Kiwa
USP25-204	55	1983	Mcap_g22315	Mcap
USP25-204	154	2118	Nvec_XM_032373185.1	Nvec
USP25-204	11708	11475	Pbac_AVPN01002758.1	Pbac
USP25-204	4	402	Pdam_Pocillopora_damicornis_5460	Pdam
USP25-204	35	1480	Plut_plut2.m8.12878.m1	Plut
USP25-204	280	1755	Prus_242_t	Prus
USP25-204	171	2141	Pver_TRINITY_DN10870_c0_g1_i3	Pver
USP25-204	55	2025	Spis_Stylophora_pistillata_5719	Spis
USP26-201	295	783	Adig_Acropora_digitifera_7498	Adig
USP26-201	115	897	Amil_Acropora_millepora_10852	Amil
USP26-201	808	1590	Apal_XM_028657079.1	Apal
USP26-201	1066	1833	Apoc_chromosome_1.1667_1	Apoc
USP26-201	2868	3581	Aque_XM_003385448.3	Aque
USP26-201	154	987	Cgig_G26160.1	Cgig
USP26-201	334	1068	Emue_Em0005g201a.t1	Emue
USP26-201	892	1452	Gasp_gasp1.m3.16116.m1	Gasp
USP26-201	734	1501	Gfas_gfas1.m1.740.m1	Gfas
USP26-201	10	702	Hsal_ENA_GHBP01002110_GHBP01002110.1	Hsal
USP26-201	52	966	Kiwa_ENA_GBGI01006277_GBGI01006277.1	Kiwa
USP26-201	856	1644	Mcap_g22278	Mcap
USP26-201	403	1104	Msqu_ENA_GHBR01000822_GHBR01000822.1	Msqu
USP26-201	866	1663	Nvec_XM_032366863.1	Nvec
USP26-201	272	760	Pbac_AVPN01002590.1	Pbac
USP26-201	1609	2385	Plut_plut2.m8.2495.m1	Plut
USP26-201	721	1353	Prus_38809_t	Prus
USP26-201	828	1619	Pver_TRINITY_DN10225_c0_g1_i2	Pver
USP26-201	853	1638	Spis_Stylophora_pistillata_651	Spis
USP27X-201	844	1866	Adig_Acropora_digitifera_11439	Adig
USP27X-201	373	1020	Ahya_Acropora_hyacinthus_3993	Ahya
USP27X-201	325	1617	Amil_Acropora_millepora_9391	Amil
USP27X-201	399	1580	Apal_XM_021043521.2	Apal
USP27X-201	871	1899	Apoc_chromosome_7.2759_1	Apoc
USP27X-201	366	1355	Aque_XM_019997530.1	Aque
USP27X-201	286	1593	Cgig_G1248.1	Cgig
USP27X-201	235	1281	Emue_Em0020g41a.t1	Emue
USP27X-201	428	1846	Gasp_gasp1.m3.24194.m1	Gasp
USP27X-201	518	1516	Gfas_gfas1.m1.15232.m1	Gfas
USP27X-201	237	899	Hsal_ENA_GHBP01001012_GHBP01001012.1	Hsal
USP27X-201	429	1544	Kiwa_ENA_GBGI01016761_GBGI01016761.1	Kiwa
USP27X-201	286	1578	Mcap_g54982	Mcap
USP27X-201	2	931	Msqu_ENA_GHBR01000789_GHBR01000789.1	Msqu
USP27X-201	409	1707	Nvec_XM_032384154.1	Nvec
USP27X-201	14872	13694	Pbac_AVPN01001448.1	Pbac
USP27X-201	202	807	Pdam_Pocillopora_damicornis_23851	Pdam
USP27X-201	407	1849	Plut_plut2.m8.22231.m1	Plut
USP27X-201	2110	3126	Prus_12268_t	Prus
USP27X-201	392	1669	Pver_TRINITY_DN18038_c0_g1_i1	Pver
USP27X-201	841	1902	Spis_Stylophora_pistillata_9970	Spis
USP28-201	55	2997	Adig_Acropora_digitifera_12525	Adig
USP28-201	346	1032	Ahya_Acropora_hyacinthus_3993	Ahya
USP28-201	55	2997	Amil_Acropora_millepora_5113	Amil
USP28-201	1	1827	Apal_XM_021057806.1	Apal
USP28-201	55	3006	Apoc_chromosome_7.1956_1	Apoc
USP28-201	410	1744	Aque_XM_019997413.1	Aque
USP28-201	1	2427	Cgig_G26429.1	Cgig
USP28-201	4468	5328	Emue_Em0021g557a.t1	Emue
USP28-201	100	3006	Gasp_gasp1.m3.17873.m1	Gasp
USP28-201	186	3014	Gfas_gfas1.m1.4609.m1	Gfas
USP28-201	1402	1130	Kiwa_ENA_GBGI01007810_GBGI01007810.1	Kiwa
USP28-201	55	2979	Mcap_g22315	Mcap
USP28-201	208	3156	Nvec_XM_032373185.1	Nvec
USP28-201	8876	8115	Pbac_AVPN01003044.1	Pbac
USP28-201	1	393	Pdam_Pocillopora_damicornis_5460	Pdam
USP28-201	35	2476	Plut_plut2.m8.12878.m1	Plut
USP28-201	316	1644	Prus_242_t	Prus
USP28-201	171	3146	Pver_TRINITY_DN10870_c0_g1_i3	Pver
USP28-201	55	2001	Spis_Stylophora_pistillata_5719	Spis
USP29-201	295	783	Adig_Acropora_digitifera_7498	Adig
USP29-201	4	510	Ahya_Acropora_hyacinthus_7860	Ahya
USP29-201	493	1332	Amil_Acropora_millepora_1665	Amil
USP29-201	808	1692	Apal_XM_028657079.1	Apal
USP29-201	199	1044	Apoc_chromosome_4.62_1	Apoc
USP29-201	2868	3659	Aque_XM_003385448.3	Aque
USP29-201	790	1632	Cgig_G26160.3	Cgig
USP29-201	676	1497	Emue_Em0012g854a.t1	Emue
USP29-201	67	783	Gasp_gasp1.m3.7293.m1	Gasp
USP29-201	524	1306	Gfas_gfas1.m1.15232.m1	Gfas
USP29-201	197	406	Hsal_ENA_GHBP01007271_GHBP01007271.1	Hsal
USP29-201	176	1003	Kiwa_ENA_GBGI01006276_GBGI01006276.1	Kiwa
USP29-201	856	1644	Mcap_g22278	Mcap
USP29-201	403	1104	Msqu_ENA_GHBR01000822_GHBR01000822.1	Msqu
USP29-201	831	1643	Nvec_XM_032366862.1	Nvec
USP29-201	2819	3676	Plut_plut2.m8.28863.m1	Plut
USP29-201	709	1098	Prus_38809_t	Prus
USP29-201	680	1462	Pver_TRINITY_DN63038_c0_g1_i1	Pver
USP29-201	853	1638	Spis_Stylophora_pistillata_651	Spis
USP3-202	2938	3927	Adig_Acropora_digitifera_11653	Adig
USP3-202	364	1017	Ahya_Acropora_hyacinthus_3993	Ahya
USP3-202	22	1137	Amil_Acropora_millepora_10852	Amil
USP3-202	91	1515	Apal_XM_021049151.2	Apal
USP3-202	1	1446	Apoc_chromosome_13.372_1	Apoc
USP3-202	354	1373	Aque_XM_019997530.1	Aque
USP3-202	1	1485	Cgig_G33211.8	Cgig
USP3-202	7	1137	Emue_Em0009g1245a.t1	Emue
USP3-202	103	1551	Gasp_gasp1.m3.27133.m1	Gasp
USP3-202	104	1546	Gfas_gfas1.m1.15232.m1	Gfas
USP3-202	148	690	Hsal_ENA_GHBP01006453_GHBP01006453.1	Hsal
USP3-202	429	1544	Kiwa_ENA_GBGI01016761_GBGI01016761.1	Kiwa
USP3-202	1	1443	Mcap_g62007	Mcap
USP3-202	2	907	Msqu_ENA_GHBR01000789_GHBR01000789.1	Msqu
USP3-202	171	1586	Nvec_XM_032377803.1	Nvec
USP3-202	100427	101359	Pbac_AVPN01000017.1	Pbac
USP3-202	121	1353	Pdam_Pocillopora_damicornis_1022	Pdam
USP3-202	106	1518	Plut_plut2.m8.8419.m1	Plut
USP3-202	1834	3135	Prus_12268_t	Prus
USP3-202	123	1565	Pver_TRINITY_DN7545_c0_g1_i1	Pver
USP3-202	823	1896	Spis_Stylophora_pistillata_9970	Spis
USP30-201	2941	3657	Adig_Acropora_digitifera_11653	Adig
USP30-201	19	504	Ahya_Acropora_hyacinthus_7860	Ahya
USP30-201	97	1260	Amil_Acropora_millepora_12059	Amil
USP30-201	172	1437	Apal_XM_021041996.2	Apal
USP30-201	166	1407	Apoc_chromosome_4.62_1	Apoc
USP30-201	126	941	Aque_XM_019995329.1	Aque
USP30-201	109	1392	Cgig_G23486.2	Cgig
USP30-201	223	963	Emue_Em0009g1245a.t1	Emue
USP30-201	505	1518	Gasp_gasp1.m3.27133.m1	Gasp
USP30-201	5965	6963	Gfas_gfas1.m1.17812.m1	Gfas
USP30-201	49	234	Hsal_ENA_GHBP01026042_GHBP01026042.1	Hsal
USP30-201	88	1281	Mcap_g21655	Mcap
USP30-201	4976	6067	Nvec_XM_032386214.1	Nvec
USP30-201	70913	70110	Pbac_AVPN01000075.1	Pbac
USP30-201	13	330	Pdam_Pocillopora_damicornis_26460	Pdam
USP30-201	1017	1910	Plut_plut2.m8.26846.m1	Plut
USP30-201	445	1284	Prus_31521_t	Prus
USP30-201	90	836	Pver_TRINITY_DN8418_c0_g1_i2	Pver
USP30-201	37	546	Spis_Stylophora_pistillata_6098	Spis
USP31-201	391	2331	Adig_Acropora_digitifera_3020	Adig
USP31-201	13	453	Ahya_Acropora_hyacinthus_4856	Ahya
USP31-201	391	2331	Amil_Acropora_millepora_2867	Amil
USP31-201	508	2361	Apal_XM_021045724.2	Apal
USP31-201	391	2319	Apoc_chromosome_5.891_1	Apoc
USP31-201	1360	3240	Aque_XM_011409247.2	Aque
USP31-201	193	1959	Cgig_G3181.1	Cgig
USP31-201	424	1968	Emue_Em0020g166a.t1	Emue
USP31-201	439	2361	Gasp_gasp1.m3.14043.m1	Gasp
USP31-201	562	2493	Gfas_gfas1.m1.9121.m1	Gfas
USP31-201	3	353	Hsal_ENA_GHBP01017571_GHBP01017571.1	Hsal
USP31-201	2157	2765	Kiwa_ENA_GBGI01008996_GBGI01008996.1	Kiwa
USP31-201	385	2316	Mcap_g43269	Mcap
USP31-201	2	439	Msqu_ENA_GHBR01000789_GHBR01000789.1	Msqu
USP31-201	554	2485	Nvec_XM_032374483.1	Nvec
USP31-201	98754	99572	Pbac_AVPN01000017.1	Pbac
USP31-201	52	897	Pdam_Pocillopora_damicornis_8649	Pdam
USP31-201	562	2415	Plut_plut2.m8.8677.m1	Plut
USP31-201	388	2322	Prus_37586_t	Prus
USP31-201	552	2477	Pver_TRINITY_DN181_c0_g5_i1	Pver
USP31-201	388	2313	Spis_Stylophora_pistillata_3235	Spis
USP32-201	1	2970	Adig_Acropora_digitifera_2746	Adig
USP32-201	277	822	Ahya_Acropora_hyacinthus_3993	Ahya
USP32-201	1	2970	Amil_Acropora_millepora_1411	Amil
USP32-201	136	3102	Apal_XM_021057678.2	Apal
USP32-201	1	2985	Apoc_chromosome_4.41_1	Apoc
USP32-201	139	3213	Aque_XM_019993183.1	Aque
USP32-201	1	3024	Cgig_G22259.1	Cgig
USP32-201	1882	3522	Emue_Em0015g147a.t1	Emue
USP32-201	262	2070	Gasp_gasp1.m3.13683.m1	Gasp
USP32-201	1473	2948	Gfas_gfas1.m1.10744.m1	Gfas
USP32-201	7	504	Hsal_ENA_GHBP01002110_GHBP01002110.1	Hsal
USP32-201	954	1574	Kiwa_ENA_GBGI01009002_GBGI01009002.1	Kiwa
USP32-201	1	2973	Mcap_g21727	Mcap
USP32-201	2	418	Msqu_ENA_GHBR01000789_GHBR01000789.1	Msqu
USP32-201	152	3079	Nvec_XM_032380901.1	Nvec
USP32-201	1038	1718	Pbac_AVPN01009845.1	Pbac
USP32-201	28	618	Pdam_Pocillopora_damicornis_7950	Pdam
USP32-201	196	3156	Plut_plut2.m8.17691.m1	Plut
USP32-201	343	1983	Prus_37586_t	Prus
USP32-201	150	3125	Pver_TRINITY_DN7044_c0_g1_i2	Pver
USP32-201	1	2976	Spis_Stylophora_pistillata_19996	Spis
USP33-204	10	1626	Adig_Acropora_digitifera_7304	Adig
USP33-204	205	537	Ahya_Acropora_hyacinthus_7860	Ahya
USP33-204	10	2523	Amil_Acropora_millepora_2976	Amil
USP33-204	17	1489	Apal_XM_028656945.1	Apal
USP33-204	130	1320	Apoc_chromosome_13.2970_1	Apoc
USP33-204	934	2298	Aque_XM_019994351.1	Aque
USP33-204	1	2646	Cgig_G27982.5	Cgig
USP33-204	49	708	Emue_Em0016g91a.t1	Emue
USP33-204	1695	3140	Gasp_gasp1.m3.18742.m1	Gasp
USP33-204	479	1726	Gfas_gfas1.m1.5412.m1	Gfas
USP33-204	944	1372	Hsal_ENA_GHBP01001012_GHBP01001012.1	Hsal
USP33-204	2286	2762	Kiwa_ENA_GBGI01008996_GBGI01008996.1	Kiwa
USP33-204	10	2520	Mcap_g18287	Mcap
USP33-204	11	826	Msqu_ENA_GHBR01000471_GHBR01000471.1	Msqu
USP33-204	424	2910	Nvec_XM_032375779.1	Nvec
USP33-204	99228	99875	Pbac_AVPN01000017.1	Pbac
USP33-204	91	771	Pdam_Pocillopora_damicornis_2459	Pdam
USP33-204	1650	2948	Plut_plut2.m8.344.m1	Plut
USP33-204	145	1512	Prus_15170_t	Prus
USP33-204	489	3002	Pver_TRINITY_DN1698_c0_g2_i2	Pver
USP33-204	355	960	Spis_Stylophora_pistillata_21152	Spis
USP34-201	1	2658	Adig_Acropora_digitifera_11715	Adig
USP34-201	301	1026	Ahya_Acropora_hyacinthus_3993	Ahya
USP34-201	31	6708	Amil_Acropora_millepora_244	Amil
USP34-201	1805	9205	Apal_XM_021043947.2	Apal
USP34-201	40	7839	Apoc_chromosome_11.2034_1	Apoc
USP34-201	274	2268	Aque_XM_020003076.1	Aque
USP34-201	2215	10518	Cgig_G12410.7	Cgig
USP34-201	3985	6438	Emue_Em0021g557a.t1	Emue
USP34-201	1932	9083	Gasp_gasp1.m3.24830.m1	Gasp
USP34-201	1601	6658	Gfas_gfas1.m1.8548.m1	Gfas
USP34-201	89	517	Hsal_ENA_GHBP01001578_GHBP01001578.1	Hsal
USP34-201	426	1514	Kiwa_ENA_GBGI01016761_GBGI01016761.1	Kiwa
USP34-201	4516	12327	Mcap_g983	Mcap
USP34-201	5	883	Msqu_ENA_GHBR01000789_GHBR01000789.1	Msqu
USP34-201	674	8353	Nvec_XM_032377041.1	Nvec
USP34-201	9182	7038	Pbac_AVPN01003044.1	Pbac
USP34-201	28	750	Pdam_Pocillopora_damicornis_5556	Pdam
USP34-201	1818	9521	Plut_plut2.m8.8161.m1	Plut
USP34-201	3249	4958	Prus_23912_t	Prus
USP34-201	1782	7796	Pver_TRINITY_DN8141_c0_g1_i2	Pver
USP34-201	1891	9270	Spis_Stylophora_pistillata_9522	Spis
USP35-203	16	1092	Adig_Acropora_digitifera_16344	Adig
USP35-203	4	432	Ahya_Acropora_hyacinthus_3073	Ahya
USP35-203	61	1890	Amil_Acropora_millepora_5841	Amil
USP35-203	57	1427	Apal_XM_021062071.2	Apal
USP35-203	1	1752	Apoc_chromosome_6.2591_1	Apoc
USP35-203	4006	4467	Aque_XM_020002064.1	Aque
USP35-203	1	1830	Cgig_G24508.2	Cgig
USP35-203	220	744	Emue_Em0009g1245a.t1	Emue
USP35-203	22	951	Gasp_gasp1.m3.3317.m1	Gasp
USP35-203	69	1838	Gfas_gfas1.m1.8616.m1	Gfas
USP35-203	954	1511	Kiwa_ENA_GBGI01009001_GBGI01009001.1	Kiwa
USP35-203	1	1833	Mcap_g5044	Mcap
USP35-203	306	734	Msqu_ENA_GHBR01002170_GHBR01002170.1	Msqu
USP35-203	102	1877	Nvec_XM_032381947.1	Nvec
USP35-203	4478	5413	Pbac_AVPN01004535.1	Pbac
USP35-203	115	639	Pdam_Pocillopora_damicornis_7950	Pdam
USP35-203	58	1809	Plut_plut2.m8.16528.m1	Plut
USP35-203	118	1869	Prus_24479_t	Prus
USP35-203	65	1840	Pver_TRINITY_DN15504_c0_g1_i3	Pver
USP35-203	25	1776	Spis_Stylophora_pistillata_15583	Spis
USP36-201	136	1419	Adig_Acropora_digitifera_14558	Adig
USP36-201	136	1011	Ahya_Acropora_hyacinthus_3993	Ahya
USP36-201	850	1869	Amil_Acropora_millepora_9870	Amil
USP36-201	501	1718	Apal_XM_021045815.2	Apal
USP36-201	133	1380	Apoc_chromosome_5.2449_1	Apoc
USP36-201	231	1517	Aque_XM_019997530.1	Aque
USP36-201	436	1512	Cgig_G33211.8	Cgig
USP36-201	103	1239	Emue_Em0020g41a.t1	Emue
USP36-201	689	1807	Gasp_gasp1.m3.24194.m1	Gasp
USP36-201	594	1874	Gfas_gfas1.m1.13422.m1	Gfas
USP36-201	339	1034	Hsal_ENA_GHBP01001012_GHBP01001012.1	Hsal
USP36-201	111	1346	Kiwa_ENA_GBGI01010993_GBGI01010993.1	Kiwa
USP36-201	136	1305	Mcap_g48617	Mcap
USP36-201	2	898	Msqu_ENA_GHBR01000789_GHBR01000789.1	Msqu
USP36-201	896	2185	Nvec_XM_001624786.2	Nvec
USP36-201	8816	7947	Pbac_AVPN01003044.1	Pbac
USP36-201	115	816	Pdam_Pocillopora_damicornis_7950	Pdam
USP36-201	1013	2146	Plut_plut2.m8.21619.m1	Plut
USP36-201	112	1257	Prus_8117_t	Prus
USP36-201	548	1882	Pver_TRINITY_DN3697_c0_g1_i2	Pver
USP36-201	133	1467	Spis_Stylophora_pistillata_7852	Spis
USP37-201	55	858	Adig_Acropora_digitifera_13010	Adig
USP37-201	7	498	Ahya_Acropora_hyacinthus_7860	Ahya
USP37-201	109	906	Amil_Acropora_millepora_10852	Amil
USP37-201	799	1590	Apal_XM_028657079.1	Apal
USP37-201	889	1884	Apoc_chromosome_1.1667_1	Apoc
USP37-201	268	969	Aque_XM_019995264.1	Aque
USP37-201	688	1632	Cgig_G26160.4	Cgig
USP37-201	676	1443	Emue_Em0012g854a.t1	Emue
USP37-201	49	849	Gasp_gasp1.m3.7293.m1	Gasp
USP37-201	518	1315	Gfas_gfas1.m1.15232.m1	Gfas
USP37-201	4	681	Hsal_ENA_GHBP01002110_GHBP01002110.1	Hsal
USP37-201	143	967	Kiwa_ENA_GBGI01006276_GBGI01006276.1	Kiwa
USP37-201	490	1689	Mcap_g22278	Mcap
USP37-201	325	1104	Msqu_ENA_GHBR01000822_GHBR01000822.1	Msqu
USP37-201	831	1685	Nvec_XM_032366862.1	Nvec
USP37-201	109	738	Pdam_Pocillopora_damicornis_7950	Pdam
USP37-201	1450	2424	Plut_plut2.m8.2495.m1	Plut
USP37-201	706	1095	Prus_38809_t	Prus
USP37-201	513	1613	Pver_TRINITY_DN10225_c0_g1_i2	Pver
USP37-201	844	1668	Spis_Stylophora_pistillata_9970	Spis
USP38-201	16	2181	Adig_Acropora_digitifera_16344	Adig
USP38-201	4	450	Ahya_Acropora_hyacinthus_3073	Ahya
USP38-201	61	2904	Amil_Acropora_millepora_5841	Amil
USP38-201	49	1548	Apal_XM_021062099.2	Apal
USP38-201	1	2886	Apoc_chromosome_6.2591_1	Apoc
USP38-201	184	747	Aque_XM_019995264.1	Aque
USP38-201	1	1827	Cgig_G24508.2	Cgig
USP38-201	2530	3195	Emue_Em0015g147a.t1	Emue
USP38-201	1	1968	Gasp_gasp1.m3.3314.m1	Gasp
USP38-201	69	2852	Gfas_gfas1.m1.8616.m1	Gfas
USP38-201	7	495	Hsal_ENA_GHBP01002110_GHBP01002110.1	Hsal
USP38-201	954	1520	Kiwa_ENA_GBGI01009001_GBGI01009001.1	Kiwa
USP38-201	1	2892	Mcap_g5044	Mcap
USP38-201	102	2645	Nvec_XM_032381947.1	Nvec
USP38-201	5168	4236	Pbac_AVPN01005457.1	Pbac
USP38-201	115	651	Pdam_Pocillopora_damicornis_7950	Pdam
USP38-201	58	2952	Plut_plut2.m8.16528.m1	Plut
USP38-201	118	3012	Prus_24479_t	Prus
USP38-201	65	2962	Pver_TRINITY_DN15504_c0_g1_i3	Pver
USP38-201	25	2928	Spis_Stylophora_pistillata_15583	Spis
USP39-201	145	1512	Adig_Acropora_digitifera_12601	Adig
USP39-201	1	486	Ahya_Acropora_hyacinthus_3675	Ahya
USP39-201	130	1497	Amil_Acropora_millepora_8103	Amil
USP39-201	336	1229	Apal_XM_028659818.1	Apal
USP39-201	88	1416	Apoc_chromosome_13.372_1	Apoc
USP39-201	160	1593	Aque_XM_020008389.1	Aque
USP39-201	418	1788	Cgig_G3225.3	Cgig
USP39-201	76	1401	Emue_Em0017g776a.t1	Emue
USP39-201	190	1521	Gasp_gasp1.m3.27133.m1	Gasp
USP39-201	124	1578	Gfas_gfas1.m1.13582.m1	Gfas
USP39-201	50	718	Hsal_ENA_GHBP01006543_GHBP01006543.1	Hsal
USP39-201	1133	222	Kiwa_ENA_GBGI01008104_GBGI01008104.1	Kiwa
USP39-201	88	1413	Mcap_g62007	Mcap
USP39-201	2	397	Msqu_ENA_GHBR01008017_GHBR01008017.1	Msqu
USP39-201	258	1604	Nvec_XM_032377803.1	Nvec
USP39-201	49687	49346	Pbac_AVPN01000503.1	Pbac
USP39-201	13	1419	Pdam_Pocillopora_damicornis_1022	Pdam
USP39-201	193	1488	Plut_plut2.m8.8419.m1	Plut
USP39-201	115	1386	Prus_14425_t	Prus
USP39-201	210	1535	Pver_TRINITY_DN7545_c0_g1_i1	Pver
USP39-201	97	1365	Spis_Stylophora_pistillata_9426	Spis
USP4-201	898	2745	Adig_Acropora_digitifera_14420	Adig
USP4-201	4	453	Ahya_Acropora_hyacinthus_4856	Ahya
USP4-201	868	2718	Amil_Acropora_millepora_5675	Amil
USP4-201	38	2452	Apal_XM_021049633.2	Apal
USP4-201	52	2763	Apoc_chromosome_6.1145_1	Apoc
USP4-201	187	1974	Aque_XM_019995246.1	Aque
USP4-201	1	2721	Cgig_G29415.1	Cgig
USP4-201	166	3057	Emue_Em0014g487a.t1	Emue
USP4-201	103	2607	Gasp_gasp1.m3.12329.m1	Gasp
USP4-201	661	2634	Gfas_gfas1.m1.7746.m1	Gfas
USP4-201	944	1369	Hsal_ENA_GHBP01001012_GHBP01001012.1	Hsal
USP4-201	150	2030	Kiwa_ENA_GBGI01008996_GBGI01008996.1	Kiwa
USP4-201	1381	2205	Mcap_g50780	Mcap
USP4-201	509	883	Msqu_ENA_GHBR01000789_GHBR01000789.1	Msqu
USP4-201	932	2821	Nvec_XM_032386249.1	Nvec
USP4-201	98775	99398	Pbac_AVPN01000017.1	Pbac
USP4-201	196	834	Pdam_Pocillopora_damicornis_8649	Pdam
USP4-201	799	2688	Plut_plut2.m8.12522.m1	Plut
USP4-201	880	2688	Prus_10594_t	Prus
USP4-201	875	2764	Pver_TRINITY_DN4749_c0_g1_i3	Pver
USP4-201	409	1194	Spis_Stylophora_pistillata_3235	Spis
USP40-208	64	1539	Adig_Acropora_digitifera_16689	Adig
USP40-208	373	1020	Ahya_Acropora_hyacinthus_3993	Ahya
USP40-208	1	3612	Amil_Acropora_millepora_4152	Amil
USP40-208	97	3858	Apal_XM_021059561.2	Apal
USP40-208	1	3582	Apoc_chromosome_9.30_1	Apoc
USP40-208	145	4014	Aque_XM_020002011.1	Aque
USP40-208	91	3501	Cgig_G31620.1	Cgig
USP40-208	11299	12045	Emue_Em0020g845a.t1	Emue
USP40-208	116	3817	Gasp_gasp1.m3.22037.m1	Gasp
USP40-208	3375	5102	Gfas_gfas1.m1.5785.m1	Gfas
USP40-208	998	1342	Hsal_ENA_GHBP01001012_GHBP01001012.1	Hsal
USP40-208	1888	1295	Kiwa_ENA_GBGI01007810_GBGI01007810.1	Kiwa
USP40-208	4888	5883	Mcap_g62847	Mcap
USP40-208	5	850	Msqu_ENA_GHBR01000789_GHBR01000789.1	Msqu
USP40-208	71	3547	Nvec_XM_032385523.1	Nvec
USP40-208	8813	7941	Pbac_AVPN01003044.1	Pbac
USP40-208	16	576	Pdam_Pocillopora_damicornis_24954	Pdam
USP40-208	600	2510	Plut_plut2.m8.1003.m1	Plut
USP40-208	1	951	Prus_15927_t	Prus
USP40-208	148	3753	Pver_TRINITY_DN11081_c0_g1_i3	Pver
USP40-208	1	1905	Spis_Stylophora_pistillata_13127	Spis
USP41-201	2935	3909	Adig_Acropora_digitifera_11653	Adig
USP41-201	7	390	Ahya_Acropora_hyacinthus_4856	Ahya
USP41-201	598	1572	Amil_Acropora_millepora_1665	Amil
USP41-201	5009	5872	Apal_XM_021043947.2	Apal
USP41-201	3010	3984	Apoc_chromosome_12.3712_1	Apoc
USP41-201	769	1629	Aque_XM_019998185.1	Aque
USP41-201	1	987	Cgig_G18685.4	Cgig
USP41-201	325	1203	Emue_Em0020g41a.t1	Emue
USP41-201	5958	6899	Gasp_gasp1.m3.19555.m1	Gasp
USP41-201	5968	6936	Gfas_gfas1.m1.17812.m1	Gfas
USP41-201	4	201	Hsal_ENA_GHBP01026042_GHBP01026042.1	Hsal
USP41-201	417	1298	Kiwa_ENA_GBGI01010993_GBGI01010993.1	Kiwa
USP41-201	2917	3891	Mcap_g59640	Mcap
USP41-201	2	817	Msqu_ENA_GHBR01000789_GHBR01000789.1	Msqu
USP41-201	4970	5923	Nvec_XM_032386214.1	Nvec
USP41-201	8816	7935	Pbac_AVPN01003044.1	Pbac
USP41-201	316	780	Pdam_Pocillopora_damicornis_8649	Pdam
USP41-201	2942	3916	Plut_plut2.m8.28863.m1	Plut
USP41-201	2035	2982	Prus_1042_t	Prus
USP41-201	424	1314	Pver_TRINITY_DN25698_c0_g1_i1	Pver
USP41-201	2758	3735	Spis_Stylophora_pistillata_15614	Spis
USP42-201	850	1866	Adig_Acropora_digitifera_11439	Adig
USP42-201	301	1011	Ahya_Acropora_hyacinthus_3993	Ahya
USP42-201	850	1866	Amil_Acropora_millepora_9870	Amil
USP42-201	1030	2067	Apal_XM_021048679.2	Apal
USP42-201	274	1338	Apoc_chromosome_5.2449_1	Apoc
USP42-201	354	1574	Aque_XM_019997530.1	Aque
USP42-201	475	1569	Cgig_G1248.1	Cgig
USP42-201	220	1239	Emue_Em0005g197a.t1	Emue
USP42-201	689	1822	Gasp_gasp1.m3.24194.m1	Gasp
USP42-201	744	1910	Gfas_gfas1.m1.13422.m1	Gfas
USP42-201	339	905	Hsal_ENA_GHBP01001012_GHBP01001012.1	Hsal
USP42-201	330	1481	Kiwa_ENA_GBGI01010993_GBGI01010993.1	Kiwa
USP42-201	640	1656	Mcap_g23813	Mcap
USP42-201	2	1063	Msqu_ENA_GHBR01000789_GHBR01000789.1	Msqu
USP42-201	601	1689	Nvec_XM_032384154.1	Nvec
USP42-201	98736	99836	Pbac_AVPN01000017.1	Pbac
USP42-201	115	816	Pdam_Pocillopora_damicornis_7950	Pdam
USP42-201	1013	2134	Plut_plut2.m8.21619.m1	Plut
USP42-201	271	1254	Prus_8117_t	Prus
USP42-201	704	1741	Pver_TRINITY_DN3697_c0_g1_i2	Pver
USP42-201	847	1896	Spis_Stylophora_pistillata_9970	Spis
USP43-201	391	2268	Adig_Acropora_digitifera_3020	Adig
USP43-201	16	456	Ahya_Acropora_hyacinthus_4856	Ahya
USP43-201	391	2268	Amil_Acropora_millepora_2867	Amil
USP43-201	508	2355	Apal_XM_021045724.2	Apal
USP43-201	370	2256	Apoc_chromosome_5.891_1	Apoc
USP43-201	154	1974	Aque_XM_019995246.1	Aque
USP43-201	181	1950	Cgig_G3181.1	Cgig
USP43-201	73	1983	Emue_Em0014g378a.t1	Emue
USP43-201	418	2298	Gasp_gasp1.m3.14043.m1	Gasp
USP43-201	562	2430	Gfas_gfas1.m1.9121.m1	Gfas
USP43-201	998	1381	Hsal_ENA_GHBP01001012_GHBP01001012.1	Hsal
USP43-201	2154	2765	Kiwa_ENA_GBGI01008996_GBGI01008996.1	Kiwa
USP43-201	364	2253	Mcap_g43269	Mcap
USP43-201	151	330	Msqu_ENA_GHBR01006928_GHBR01006928.1	Msqu
USP43-201	554	2422	Nvec_XM_032374486.1	Nvec
USP43-201	6467	6009	Pbac_AVPN01000736.1	Pbac
USP43-201	25	834	Pdam_Pocillopora_damicornis_8649	Pdam
USP43-201	541	2352	Plut_plut2.m8.8677.m1	Plut
USP43-201	367	2259	Prus_37586_t	Prus
USP43-201	1866	3605	Pver_TRINITY_DN48890_c0_g1_i1	Pver
USP43-201	388	2250	Spis_Stylophora_pistillata_3235	Spis
USP44-201	940	1860	Adig_Acropora_digitifera_11439	Adig
USP44-201	31	534	Ahya_Acropora_hyacinthus_7860	Ahya
USP44-201	424	1611	Amil_Acropora_millepora_9391	Amil
USP44-201	2735	3607	Apal_XM_028659354.1	Apal
USP44-201	418	1416	Apoc_chromosome_13.372_1	Apoc
USP44-201	2850	3866	Aque_XM_003385448.3	Aque
USP44-201	343	1473	Cgig_G33211.8	Cgig
USP44-201	592	1812	Emue_Em0021g808a.t1	Emue
USP44-201	442	1521	Gasp_gasp1.m3.27133.m1	Gasp
USP44-201	524	1516	Gfas_gfas1.m1.15232.m1	Gfas
USP44-201	944	1372	Hsal_ENA_GHBP01001012_GHBP01001012.1	Hsal
USP44-201	675	1574	Kiwa_ENA_GBGI01016761_GBGI01016761.1	Kiwa
USP44-201	340	1413	Mcap_g62007	Mcap
USP44-201	104	907	Msqu_ENA_GHBR01000789_GHBR01000789.1	Msqu
USP44-201	600	1595	Nvec_XM_032377803.1	Nvec
USP44-201	8552	7932	Pbac_AVPN01003044.1	Pbac
USP44-201	115	789	Pdam_Pocillopora_damicornis_7950	Pdam
USP44-201	1154	2128	Plut_plut2.m8.21619.m1	Plut
USP44-201	2185	2997	Prus_1042_t	Prus
USP44-201	462	1535	Pver_TRINITY_DN7545_c0_g1_i1	Pver
USP44-201	988	1896	Spis_Stylophora_pistillata_9970	Spis
USP45-208	1	915	Adig_Acropora_digitifera_1803	Adig
USP45-208	7	450	Ahya_Acropora_hyacinthus_4856	Ahya
USP45-208	1906	2667	Amil_Acropora_millepora_4205	Amil
USP45-208	167	1204	Apal_XM_021054441.2	Apal
USP45-208	97	1128	Apoc_chromosome_10.2697_1	Apoc
USP45-208	148	801	Aque_XM_003384058.3	Aque
USP45-208	88	1374	Cgig_G17252.3	Cgig
USP45-208	4	687	Emue_Em0023g432a.t1	Emue
USP45-208	40	1119	Gasp_gasp1.m3.10985.m1	Gasp
USP45-208	71	1183	Gfas_gfas1.m1.14701.m1	Gfas
USP45-208	365	775	Hsal_ENA_GHBP01005180_GHBP01005180.1	Hsal
USP45-208	135	596	Kiwa_ENA_GBGI01008994_GBGI01008994.1	Kiwa
USP45-208	142	1206	Mcap_g48824	Mcap
USP45-208	531	1025	Msqu_ENA_GHBR01000162_GHBR01000162.1	Msqu
USP45-208	406	1500	Nvec_XM_032373504.1	Nvec
USP45-208	7904	7257	Pbac_AVPN01000736.1	Pbac
USP45-208	118	576	Pdam_Pocillopora_damicornis_6383	Pdam
USP45-208	31	1209	Plut_plut2.m8.14097.m1	Plut
USP45-208	31	1092	Prus_20725_t	Prus
USP45-208	128	1159	Pver_TRINITY_DN17317_c0_g1_i2	Pver
USP45-208	127	1158	Spis_Stylophora_pistillata_5993	Spis
USP46-201	2908	3936	Adig_Acropora_digitifera_11653	Adig
USP46-201	373	1017	Ahya_Acropora_hyacinthus_3993	Ahya
USP46-201	1	1107	Amil_Acropora_millepora_9879	Amil
USP46-201	113	1267	Apal_XM_021054583.2	Apal
USP46-201	1	1101	Apoc_chromosome_6.284_1	Apoc
USP46-201	217	1224	Aque_XM_019995264.1	Aque
USP46-201	439	1476	Cgig_G33211.8	Cgig
USP46-201	1	1008	Emue_Em0022g406a.t1	Emue
USP46-201	523	1521	Gasp_gasp1.m3.27133.m1	Gasp
USP46-201	524	1516	Gfas_gfas1.m1.15232.m1	Gfas
USP46-201	1	681	Hsal_ENA_GHBP01002110_GHBP01002110.1	Hsal
USP46-201	363	1511	Kiwa_ENA_GBGI01016761_GBGI01016761.1	Kiwa
USP46-201	421	1413	Mcap_g62007	Mcap
USP46-201	2	874	Msqu_ENA_GHBR01000789_GHBR01000789.1	Msqu
USP46-201	97	1251	Nvec_XM_001636490.2	Nvec
USP46-201	8819	7836	Pbac_AVPN01003044.1	Pbac
USP46-201	115	780	Pdam_Pocillopora_damicornis_7950	Pdam
USP46-201	526	1488	Plut_plut2.m8.8419.m1	Plut
USP46-201	2188	3147	Prus_12268_t	Prus
USP46-201	88	1188	Pver_TRINITY_DN2529_c0_g3_i1	Pver
USP46-201	1	1101	Spis_Stylophora_pistillata_1251	Spis
USP47-207	1	2412	Adig_Acropora_digitifera_1062	Adig
USP47-207	373	1020	Ahya_Acropora_hyacinthus_3993	Ahya
USP47-207	1	1320	Amil_Acropora_millepora_2343	Amil
USP47-207	90	2570	Apal_XM_021050896.2	Apal
USP47-207	1	2346	Apoc_chromosome_12.3225_1	Apoc
USP47-207	1427	3121	Aque_XM_019994456.1	Aque
USP47-207	1	1878	Cgig_G18685.4	Cgig
USP47-207	148	2244	Emue_Em0021g256a.t1	Emue
USP47-207	193	1956	Gasp_gasp1.m3.2638.m1	Gasp
USP47-207	190	1152	Gfas_gfas1.m1.7234.m1	Gfas
USP47-207	26	496	Hsal_ENA_GHBP01001578_GHBP01001578.1	Hsal
USP47-207	417	1298	Kiwa_ENA_GBGI01010993_GBGI01010993.1	Kiwa
USP47-207	1	2499	Mcap_g46144	Mcap
USP47-207	5	682	Msqu_ENA_GHBR01000789_GHBR01000789.1	Msqu
USP47-207	250	1575	Nvec_XM_032385341.1	Nvec
USP47-207	8828	7836	Pbac_AVPN01003044.1	Pbac
USP47-207	163	750	Pdam_Pocillopora_damicornis_23851	Pdam
USP47-207	301	2781	Plut_plut2.m8.386.m1	Plut
USP47-207	20	2470	Prus_33831_t	Prus
USP47-207	127	2631	Pver_TRINITY_DN4293_c0_g1_i2	Pver
USP47-207	1	2475	Spis_Stylophora_pistillata_18077	Spis
USP48-201	4	2217	Adig_Acropora_digitifera_12598	Adig
USP48-201	373	1032	Ahya_Acropora_hyacinthus_3993	Ahya
USP48-201	31	2184	Amil_Acropora_millepora_5152	Amil
USP48-201	94	2004	Apal_XM_021061269.2	Apal
USP48-201	631	3366	Apoc_chromosome_10.483_1	Apoc
USP48-201	742	1683	Aque_XM_019998185.1	Aque
USP48-201	1	1935	Cgig_G29968.3	Cgig
USP48-201	11236	12090	Emue_Em0020g845a.t1	Emue
USP48-201	678	3011	Gasp_gasp1.m3.20798.m1	Gasp
USP48-201	110	3397	Gfas_gfas1.m1.14746.m1	Gfas
USP48-201	941	1342	Hsal_ENA_GHBP01001012_GHBP01001012.1	Hsal
USP48-201	417	1298	Kiwa_ENA_GBGI01010993_GBGI01010993.1	Kiwa
USP48-201	628	3345	Mcap_g41307	Mcap
USP48-201	5	841	Msqu_ENA_GHBR01000789_GHBR01000789.1	Msqu
USP48-201	150	2147	Nvec_XM_032381473.1	Nvec
USP48-201	8849	7788	Pbac_AVPN01003044.1	Pbac
USP48-201	247	756	Pdam_Pocillopora_damicornis_23851	Pdam
USP48-201	13	2520	Plut_plut2.m8.28335.m1	Plut
USP48-201	5191	6690	Prus_20158_t	Prus
USP48-201	669	3407	Pver_TRINITY_DN7666_c0_g1_i2	Pver
USP48-201	295	3066	Spis_Stylophora_pistillata_18892	Spis
USP49-206	2920	3927	Adig_Acropora_digitifera_11653	Adig
USP49-206	373	1020	Ahya_Acropora_hyacinthus_3993	Ahya
USP49-206	442	1590	Amil_Acropora_millepora_1665	Amil
USP49-206	2513	3622	Apal_XM_028659354.1	Apal
USP49-206	859	1893	Apoc_chromosome_7.2759_1	Apoc
USP49-206	2841	3854	Aque_XM_003385448.3	Aque
USP49-206	523	1785	Cgig_G4337.1	Cgig
USP49-206	121	1143	Emue_Em0009g1245a.t1	Emue
USP49-206	321	1385	Gasp_gasp1.m3.20798.m1	Gasp
USP49-206	831	1805	Gfas_gfas1.m1.13422.m1	Gfas
USP49-206	944	1405	Hsal_ENA_GHBP01001012_GHBP01001012.1	Hsal
USP49-206	420	1328	Kiwa_ENA_GBGI01010993_GBGI01010993.1	Kiwa
USP49-206	2902	3909	Mcap_g59640	Mcap
USP49-206	2	952	Msqu_ENA_GHBR01000789_GHBR01000789.1	Msqu
USP49-206	600	1595	Nvec_XM_032377803.1	Nvec
USP49-206	98706	99839	Pbac_AVPN01000017.1	Pbac
USP49-206	115	765	Pdam_Pocillopora_damicornis_7950	Pdam
USP49-206	1001	2128	Plut_plut2.m8.21619.m1	Plut
USP49-206	340	1254	Prus_8117_t	Prus
USP49-206	773	1813	Pver_TRINITY_DN3697_c0_g1_i2	Pver
USP49-206	2611	3753	Spis_Stylophora_pistillata_15614	Spis
USP5-201	22	2421	Adig_Acropora_digitifera_15843	Adig
USP5-201	82	435	Ahya_Acropora_hyacinthus_9525	Ahya
USP5-201	22	2427	Amil_Acropora_millepora_9475	Amil
USP5-201	142	2478	Apal_XM_028660893.1	Apal
USP5-201	13	1464	Apoc_chromosome_10.667_1	Apoc
USP5-201	94	1896	Aque_XM_019997197.1	Aque
USP5-201	22	2385	Cgig_G21085.7	Cgig
USP5-201	31	2394	Emue_Em0008g974a.t1	Emue
USP5-201	124	2463	Gasp_gasp1.m3.16604.m1	Gasp
USP5-201	214	2622	Gfas_gfas1.m1.5880.m1	Gfas
USP5-201	1	963	Hsal_ENA_GHBP01003173_GHBP01003173.1	Hsal
USP5-201	2539	140	Kiwa_ENA_GBGI01004888_GBGI01004888.1	Kiwa
USP5-201	19	2427	Mcap_g10180	Mcap
USP5-201	5	1336	Msqu_ENA_GHBR01000471_GHBR01000471.1	Msqu
USP5-201	125	2506	Nvec_XM_032367455.1	Nvec
USP5-201	96352	95048	Pbac_AVPN01000071.1	Pbac
USP5-201	19	1038	Pdam_Pocillopora_damicornis_8838	Pdam
USP5-201	113	2518	Plut_plut2.m8.9596.m1	Plut
USP5-201	181	2190	Prus_37553_t	Prus
USP5-201	2458	4140	Pver_TRINITY_DN6133_c0_g1_i11	Pver
USP5-201	19	2346	Spis_Stylophora_pistillata_3690	Spis
USP50-203	2878	3828	Adig_Acropora_digitifera_11653	Adig
USP50-203	373	1014	Ahya_Acropora_hyacinthus_3993	Ahya
USP50-203	541	1491	Amil_Acropora_millepora_1665	Amil
USP50-203	1024	1977	Apal_XM_021048679.2	Apal
USP50-203	367	1308	Apoc_chromosome_13.372_1	Apoc
USP50-203	1054	1986	Aque_XM_003387053.3	Aque
USP50-203	436	1374	Cgig_G33211.8	Cgig
USP50-203	223	1047	Emue_Em0009g1245a.t1	Emue
USP50-203	472	1413	Gasp_gasp1.m3.27133.m1	Gasp
USP50-203	473	1408	Gfas_gfas1.m1.15232.m1	Gfas
USP50-203	4	681	Hsal_ENA_GHBP01002110_GHBP01002110.1	Hsal
USP50-203	109	975	Kiwa_ENA_GBGI01006277_GBGI01006277.1	Kiwa
USP50-203	634	1566	Mcap_g23813	Mcap
USP50-203	2	775	Msqu_ENA_GHBR01000789_GHBR01000789.1	Msqu
USP50-203	1069	2013	Nvec_XM_001626887.2	Nvec
USP50-203	100496	101503	Pbac_AVPN01000017.1	Pbac
USP50-203	64	822	Pdam_Pocillopora_damicornis_7950	Pdam
USP50-203	1007	2044	Plut_plut2.m8.21619.m1	Plut
USP50-203	1978	2928	Prus_1042_t	Prus
USP50-203	492	1427	Pver_TRINITY_DN7545_c0_g1_i1	Pver
USP50-203	841	1812	Spis_Stylophora_pistillata_9970	Spis
USP51-201	844	1866	Adig_Acropora_digitifera_11439	Adig
USP51-201	373	1017	Ahya_Acropora_hyacinthus_3993	Ahya
USP51-201	49	1611	Amil_Acropora_millepora_9391	Amil
USP51-201	97	1512	Apal_XM_021049151.2	Apal
USP51-201	55	1416	Apoc_chromosome_13.372_1	Apoc
USP51-201	2859	3854	Aque_XM_003385448.3	Aque
USP51-201	4	1587	Cgig_G1248.1	Cgig
USP51-201	223	1149	Emue_Em0009g1245a.t1	Emue
USP51-201	152	1840	Gasp_gasp1.m3.24194.m1	Gasp
USP51-201	158	1516	Gfas_gfas1.m1.15232.m1	Gfas
USP51-201	166	708	Hsal_ENA_GHBP01006453_GHBP01006453.1	Hsal
USP51-201	13	1662	Kiwa_ENA_GBGI01016762_GBGI01016762.1	Kiwa
USP51-201	10	1572	Mcap_g54982	Mcap
USP51-201	2	877	Msqu_ENA_GHBR01000789_GHBR01000789.1	Msqu
USP51-201	133	1707	Nvec_XM_032384154.1	Nvec
USP51-201	98745	99836	Pbac_AVPN01000017.1	Pbac
USP51-201	109	819	Pdam_Pocillopora_damicornis_7950	Pdam
USP51-201	131	1843	Plut_plut2.m8.22231.m1	Plut
USP51-201	1891	3126	Prus_12268_t	Prus
USP51-201	116	1663	Pver_TRINITY_DN18038_c0_g1_i1	Pver
USP51-201	841	1902	Spis_Stylophora_pistillata_9970	Spis
USP53-201	43	1071	Adig_Acropora_digitifera_14807	Adig
USP53-201	43	1071	Amil_Acropora_millepora_3028	Amil
USP53-201	16	801	Apal_XM_028657520.1	Apal
USP53-201	43	1071	Apoc_chromosome_8.2451_1	Apoc
USP53-201	182	1249	Aque_XM_019993297.1	Aque
USP53-201	112	1278	Cgig_G1381.2	Cgig
USP53-201	67	1044	Emue_Em0002g299a.t1	Emue
USP53-201	139	1245	Gasp_gasp1.m3.22584.m1	Gasp
USP53-201	424	1452	Gfas_gfas1.m1.5367.m1	Gfas
USP53-201	43	1071	Mcap_g10884	Mcap
USP53-201	333	1385	Nvec_XM_001626073.2	Nvec
USP53-201	83878	82934	Pbac_AVPN01000010.1	Pbac
USP53-201	446	1474	Plut_plut2.m8.3631.m1	Plut
USP53-201	1	558	Prus_3465_t	Prus
USP53-201	371	1399	Pver_TRINITY_DN3645_c0_g1_i1	Pver
USP54-201	37	1065	Adig_Acropora_digitifera_14807	Adig
USP54-201	37	1065	Amil_Acropora_millepora_3028	Amil
USP54-201	16	804	Apal_XM_028657520.1	Apal
USP54-201	37	1047	Apoc_chromosome_8.2451_1	Apoc
USP54-201	230	1249	Aque_XM_019993297.1	Aque
USP54-201	112	1119	Cgig_G1381.2	Cgig
USP54-201	67	1044	Emue_Em0002g299a.t1	Emue
USP54-201	133	1161	Gasp_gasp1.m3.22584.m1	Gasp
USP54-201	418	1446	Gfas_gfas1.m1.5367.m1	Gfas
USP54-201	37	1065	Mcap_g10884	Mcap
USP54-201	318	1394	Nvec_XM_001626073.2	Nvec
USP54-201	83881	82934	Pbac_AVPN01000010.1	Pbac
USP54-201	440	1468	Plut_plut2.m8.3631.m1	Plut
USP54-201	1	429	Prus_3465_t	Prus
USP54-201	365	1393	Pver_TRINITY_DN3645_c0_g1_i1	Pver
USP6-205	2077	2970	Adig_Acropora_digitifera_2746	Adig
USP6-205	1	1122	Ahya_Acropora_hyacinthus_3913	Ahya
USP6-205	2077	2970	Amil_Acropora_millepora_1411	Amil
USP6-205	2209	3102	Apal_XM_021057678.2	Apal
USP6-205	2092	2985	Apoc_chromosome_4.41_1	Apoc
USP6-205	2263	3171	Aque_XM_019993184.1	Aque
USP6-205	2098	3024	Cgig_G22259.1	Cgig
USP6-205	2512	3522	Emue_Em0015g147a.t1	Emue
USP6-205	991	1983	Gasp_gasp1.m3.13683.m1	Gasp
USP6-205	2055	2948	Gfas_gfas1.m1.10744.m1	Gfas
USP6-205	429	1076	Hsal_ENA_GHBP01000273_GHBP01000273.1	Hsal
USP6-205	954	1574	Kiwa_ENA_GBGI01008998_GBGI01008998.1	Kiwa
USP6-205	2080	2973	Mcap_g21727	Mcap
USP6-205	288	965	Msqu_ENA_GHBR01001582_GHBR01001582.1	Msqu
USP6-205	2186	3079	Nvec_XM_032380901.1	Nvec
USP6-205	100490	101383	Pbac_AVPN01000017.1	Pbac
USP6-205	34	618	Pdam_Pocillopora_damicornis_7950	Pdam
USP6-205	3673	4536	Plut_plut2.m8.17691.m1	Plut
USP6-205	850	1572	Prus_10594_t	Prus
USP6-205	2232	3125	Pver_TRINITY_DN7044_c0_g1_i2	Pver
USP6-205	2083	2976	Spis_Stylophora_pistillata_19996	Spis
USP7-201	22	3240	Adig_Acropora_digitifera_6090	Adig
USP7-201	1	399	Ahya_Acropora_hyacinthus_8253	Ahya
USP7-201	22	3291	Amil_Acropora_millepora_4183	Amil
USP7-201	356	3571	Apal_XM_021045744.2	Apal
USP7-201	1	3243	Apoc_chromosome_5.1535_1	Apoc
USP7-201	262	3417	Aque_XM_003387629.3	Aque
USP7-201	259	3471	Cgig_G1604.2	Cgig
USP7-201	10687	13890	Emue_Em0020g845a.t1	Emue
USP7-201	7	2832	Gasp_gasp1.m3.2700.m1	Gasp
USP7-201	251	3379	Gfas_gfas1.m1.8782.m1	Gfas
USP7-201	13	1119	Hsal_ENA_GHBP01001024_GHBP01001024.1	Hsal
USP7-201	1903	125	Kiwa_ENA_GBGI01007810_GBGI01007810.1	Kiwa
USP7-201	22	3240	Mcap_g38793	Mcap
USP7-201	5	820	Msqu_ENA_GHBR01000789_GHBR01000789.1	Msqu
USP7-201	297	3563	Nvec_XM_001626795.2	Nvec
USP7-201	8837	7836	Pbac_AVPN01003044.1	Pbac
USP7-201	34	1269	Pdam_Pocillopora_damicornis_24046	Pdam
USP7-201	302	3088	Plut_plut2.m8.7656.m1	Plut
USP7-201	178	1149	Prus_Prusg14108.t1	Prus
USP7-201	320	3502	Pver_TRINITY_DN32571_c0_g1_i4	Pver
USP7-201	118	1986	Spis_Stylophora_pistillata_3474	Spis
USP8-201	2530	3933	Adig_Acropora_digitifera_11653	Adig
USP8-201	340	1020	Ahya_Acropora_hyacinthus_3993	Ahya
USP8-201	196	1596	Amil_Acropora_millepora_1665	Amil
USP8-201	1922	3613	Apal_XM_028659354.1	Apal
USP8-201	2803	4008	Apoc_chromosome_12.3712_1	Apoc
USP8-201	2751	3860	Aque_XM_003385448.3	Aque
USP8-201	1981	3345	Cgig_G9091.1	Cgig
USP8-201	2464	3219	Emue_Em0015g147a.t1	Emue
USP8-201	2842	4185	Gasp_gasp1.m3.4073.m1	Gasp
USP8-201	2609	3934	Gfas_gfas1.m1.18850.m1	Gfas
USP8-201	4	681	Hsal_ENA_GHBP01002110_GHBP01002110.1	Hsal
USP8-201	951	1520	Kiwa_ENA_GBGI01009000_GBGI01009000.1	Kiwa
USP8-201	2512	3918	Mcap_g61041	Mcap
USP8-201	2	871	Msqu_ENA_GHBR01000789_GHBR01000789.1	Msqu
USP8-201	2376	3572	Nvec_XM_001628313.2	Nvec
USP8-201	100406	101599	Pbac_AVPN01000017.1	Pbac
USP8-201	52	714	Pdam_Pocillopora_damicornis_2459	Pdam
USP8-201	2543	3940	Plut_plut2.m8.28863.m1	Plut
USP8-201	1633	2961	Prus_1042_t	Prus
USP8-201	1016	2020	Pver_TRINITY_DN54484_c0_g1_i1	Pver
USP8-201	2362	3759	Spis_Stylophora_pistillata_15614	Spis
USP9X-202	757	2640	Adig_Acropora_digitifera_11715	Adig
USP9X-202	346	1020	Ahya_Acropora_hyacinthus_3993	Ahya
USP9X-202	1	7503	Amil_Acropora_millepora_497	Amil
USP9X-202	371	7567	Apal_XM_021053855.2	Apal
USP9X-202	1741	7569	Apoc_chromosome_7.1714_1	Apoc
USP9X-202	22	2817	Aque_XM_003390512.1	Aque
USP9X-202	166	7482	Cgig_G2025.4	Cgig
USP9X-202	151	7227	Emue_Em0021g557a.t1	Emue
USP9X-202	5730	8648	Gasp_gasp1.m3.19555.m1	Gasp
USP9X-202	1969	8763	Gfas_gfas1.m1.17812.m1	Gfas
USP9X-202	3	335	Hsal_ENA_GHBP01017571_GHBP01017571.1	Hsal
USP9X-202	417	1292	Kiwa_ENA_GBGI01010993_GBGI01010993.1	Kiwa
USP9X-202	1	7386	Mcap_g22301	Mcap
USP9X-202	230	820	Msqu_ENA_GHBR01000789_GHBR01000789.1	Msqu
USP9X-202	310	7653	Nvec_XM_032374807.1	Nvec
USP9X-202	9173	6351	Pbac_AVPN01003044.1	Pbac
USP9X-202	1	567	Pdam_Pocillopora_damicornis_5997	Pdam
USP9X-202	1065	7883	Plut_plut2.m8.12869.m1	Plut
USP9X-202	3031	8085	Prus_20158_t	Prus
USP9X-202	297	7634	Pver_TRINITY_DN4865_c0_g1_i1	Pver
USP9X-202	1	6120	Spis_Stylophora_pistillata_9887	Spis
USP9Y-201	1	6342	Adig_Acropora_digitifera_10709	Adig
USP9Y-201	346	1020	Ahya_Acropora_hyacinthus_3993	Ahya
USP9Y-201	82	7368	Amil_Acropora_millepora_497	Amil
USP9Y-201	362	7726	Apal_XM_021053855.2	Apal
USP9Y-201	1741	7569	Apoc_chromosome_7.1714_1	Apoc
USP9Y-201	22	2817	Aque_XM_003390512.1	Aque
USP9Y-201	196	7482	Cgig_G2025.4	Cgig
USP9Y-201	586	7506	Emue_Em0011g1159a.t1	Emue
USP9Y-201	118	2103	Gasp_gasp1.m3.17792.m1	Gasp
USP9Y-201	1969	7080	Gfas_gfas1.m1.17812.m1	Gfas
USP9Y-201	3	335	Hsal_ENA_GHBP01017571_GHBP01017571.1	Hsal
USP9Y-201	417	1292	Kiwa_ENA_GBGI01010993_GBGI01010993.1	Kiwa
USP9Y-201	91	7386	Mcap_g22301	Mcap
USP9Y-201	227	820	Msqu_ENA_GHBR01000789_GHBR01000789.1	Msqu
USP9Y-201	310	7653	Nvec_XM_032374807.1	Nvec
USP9Y-201	9674	6351	Pbac_AVPN01003044.1	Pbac
USP9Y-201	1	567	Pdam_Pocillopora_damicornis_5997	Pdam
USP9Y-201	1065	7883	Plut_plut2.m8.12869.m1	Plut
USP9Y-201	3031	8085	Prus_20158_t	Prus
USP9Y-201	375	7634	Pver_TRINITY_DN4865_c0_g1_i1	Pver
USP9Y-201	25	6120	Spis_Stylophora_pistillata_9887	Spis
VCPIP1-201	1	492	Adig_Acropora_digitifera_10080	Adig
VCPIP1-201	37	405	Ahya_Acropora_hyacinthus_212	Ahya
VCPIP1-201	58	3213	Amil_Acropora_millepora_2691	Amil
VCPIP1-201	100	3357	Apal_XM_021053920.2	Apal
VCPIP1-201	85	3123	Apoc_chromosome_14.822_1	Apoc
VCPIP1-201	183	3089	Aque_XM_019995776.1	Aque
VCPIP1-201	37	3015	Cgig_G6182.1	Cgig
VCPIP1-201	76	2919	Emue_Em0017g28a.t1	Emue
VCPIP1-201	51	3035	Gasp_gasp1.m3.3860.m1	Gasp
VCPIP1-201	77	2884	Gfas_gfas1.m1.23.m1	Gfas
VCPIP1-201	7	2916	Mcap_g46398	Mcap
VCPIP1-201	294	3323	Nvec_XM_032370215.1	Nvec
VCPIP1-201	1	453	Pdam_Pocillopora_damicornis_14531	Pdam
VCPIP1-201	71	3085	Plut_plut2.m8.32216.m1	Plut
VCPIP1-201	7	1470	Prus_Prusg13953.t1	Prus
VCPIP1-201	39	2909	Pver_TRINITY_DN65331_c0_g1_i1	Pver
VCPIP1-201	16	3141	Spis_Stylophora_pistillata_9471	Spis
ZC3H12A-201	604	1422	Adig_Acropora_digitifera_12640	Adig
ZC3H12A-201	1	354	Ahya_Acropora_hyacinthus_8655	Ahya
ZC3H12A-201	604	1422	Amil_Acropora_millepora_4674	Amil
ZC3H12A-201	717	1547	Apal_XM_028663045.1	Apal
ZC3H12A-201	631	1380	Apoc_chromosome_10.2393_1	Apoc
ZC3H12A-201	839	1657	Aque_XM_003385665.2	Aque
ZC3H12A-201	880	1809	Cgig_G18857.4	Cgig
ZC3H12A-201	73	870	Emue_Em0018g502a.t1	Emue
ZC3H12A-201	610	1359	Gasp_gasp1.m3.9015.m1	Gasp
ZC3H12A-201	671	1492	Gfas_gfas1.m1.5464.m1	Gfas
ZC3H12A-201	592	1410	Mcap_g59714	Mcap
ZC3H12A-201	723	1694	Nvec_XM_032379287.1	Nvec
ZC3H12A-201	472	1041	Pdam_Pocillopora_damicornis_3556	Pdam
ZC3H12A-201	652	1467	Plut_plut2.m8.5642.m1	Plut
ZC3H12A-201	634	1449	Prus_37346_t	Prus
ZC3H12A-201	690	1502	Pver_TRINITY_DN10801_c0_g1_i1	Pver
ZC3H12A-201	625	1437	Spis_Stylophora_pistillata_5027	Spis
ZC3H12B-201	604	1386	Adig_Acropora_digitifera_12640	Adig
ZC3H12B-201	1	354	Ahya_Acropora_hyacinthus_8655	Ahya
ZC3H12B-201	259	1380	Amil_Acropora_millepora_4674	Amil
ZC3H12B-201	717	1466	Apal_XM_028663045.1	Apal
ZC3H12B-201	631	1380	Apoc_chromosome_10.2393_1	Apoc
ZC3H12B-201	827	1657	Aque_XM_003385665.2	Aque
ZC3H12B-201	871	1758	Cgig_G18857.4	Cgig
ZC3H12B-201	52	870	Emue_Em0018g502a.t1	Emue
ZC3H12B-201	580	1359	Gasp_gasp1.m3.9015.m1	Gasp
ZC3H12B-201	671	1426	Gfas_gfas1.m1.5464.m1	Gfas
ZC3H12B-201	592	1368	Mcap_g59714	Mcap
ZC3H12B-201	723	1736	Nvec_XM_032379287.1	Nvec
ZC3H12B-201	79	816	Pdam_Pocillopora_damicornis_11	Pdam
ZC3H12B-201	628	1431	Plut_plut2.m8.5642.m1	Plut
ZC3H12B-201	484	1287	Prus_Prusg7179.t1	Prus
ZC3H12B-201	966	1925	Pver_TRINITY_DN5869_c0_g1_i1	Pver
ZC3H12B-201	523	1482	Spis_Stylophora_pistillata_14024	Spis
ZC3H12C-201	532	1386	Adig_Acropora_digitifera_12640	Adig
ZC3H12C-201	1	354	Ahya_Acropora_hyacinthus_8655	Ahya
ZC3H12C-201	532	1380	Amil_Acropora_millepora_4674	Amil
ZC3H12C-201	717	1475	Apal_XM_028663045.1	Apal
ZC3H12C-201	514	1380	Apoc_chromosome_10.2393_1	Apoc
ZC3H12C-201	674	1657	Aque_XM_003385665.2	Aque
ZC3H12C-201	871	1743	Cgig_G18857.4	Cgig
ZC3H12C-201	16	870	Emue_Em0631g4a.t1	Emue
ZC3H12C-201	364	1359	Gasp_gasp1.m3.9015.m1	Gasp
ZC3H12C-201	671	1426	Gfas_gfas1.m1.5464.m1	Gfas
ZC3H12C-201	592	1368	Mcap_g59714	Mcap
ZC3H12C-201	723	1703	Nvec_XM_032379287.1	Nvec
ZC3H12C-201	448	1200	Pdam_Pocillopora_damicornis_3556	Pdam
ZC3H12C-201	652	1431	Plut_plut2.m8.5642.m1	Plut
ZC3H12C-201	508	1287	Prus_Prusg7179.t1	Prus
ZC3H12C-201	339	1439	Pver_TRINITY_DN10801_c0_g1_i1	Pver
ZC3H12C-201	283	1374	Spis_Stylophora_pistillata_5027	Spis
ZC3H12D-201	604	1356	Adig_Acropora_digitifera_12640	Adig
ZC3H12D-201	1	354	Ahya_Acropora_hyacinthus_8655	Ahya
ZC3H12D-201	517	1392	Amil_Acropora_millepora_8964	Amil
ZC3H12D-201	717	1535	Apal_XM_028663045.1	Apal
ZC3H12D-201	631	1380	Apoc_chromosome_10.2393_1	Apoc
ZC3H12D-201	824	1657	Aque_XM_003385665.2	Aque
ZC3H12D-201	871	1743	Cgig_G18857.4	Cgig
ZC3H12D-201	64	870	Emue_Em0018g502a.t1	Emue
ZC3H12D-201	610	1359	Gasp_gasp1.m3.9015.m1	Gasp
ZC3H12D-201	671	1426	Gfas_gfas1.m1.5464.m1	Gfas
ZC3H12D-201	592	1344	Mcap_g59714	Mcap
ZC3H12D-201	711	1661	Nvec_XM_032379287.1	Nvec
ZC3H12D-201	160	732	Pdam_Pocillopora_damicornis_11	Pdam
ZC3H12D-201	652	1401	Plut_plut2.m8.5642.m1	Plut
ZC3H12D-201	508	1257	Prus_Prusg7179.t1	Prus
ZC3H12D-201	954	1856	Pver_TRINITY_DN5869_c0_g1_i1	Pver
ZC3H12D-201	511	1398	Spis_Stylophora_pistillata_14024	Spis
ZRANB1-201	13	2088	Adig_Acropora_digitifera_14796	Adig
ZRANB1-201	58	369	Ahya_Acropora_hyacinthus_9795	Ahya
ZRANB1-201	13	2088	Amil_Acropora_millepora_2761	Amil
ZRANB1-201	351	2384	Apal_XM_021058228.2	Apal
ZRANB1-201	157	981	Apoc_chromosome_10.1975_1	Apoc
ZRANB1-201	54	2111	Aque_XM_003383903.3	Aque
ZRANB1-201	2554	4647	Cgig_G14723.1	Cgig
ZRANB1-201	22	2127	Emue_Em0013g14a.t1	Emue
ZRANB1-201	402	2324	Gasp_gasp1.m3.30727.m1	Gasp
ZRANB1-201	337	2403	Gfas_gfas1.m1.2480.m1	Gfas
ZRANB1-201	13	2079	Mcap_g69802	Mcap
ZRANB1-201	406	2445	Nvec_XM_001639676.2	Nvec
ZRANB1-201	4935	5204	Pbac_AVPN01003297.1	Pbac
ZRANB1-201	121	939	Pdam_Pocillopora_damicornis_22935	Pdam
ZRANB1-201	331	2403	Plut_plut2.m8.12585.m1	Plut
ZRANB1-201	13	2013	Prus_32024_t	Prus
ZRANB1-201	340	2406	Pver_TRINITY_DN17002_c0_g1_i1	Pver
ZRANB1-201	13	1938	Spis_Stylophora_pistillata_3867	Spis
